,086_L1,time
2009-01-01 00:00:00,15.6277,
2009-01-01 03:00:00,15.5922,
2009-01-01 06:00:00,15.5599,
2009-01-01 09:00:00,15.529800000000002,
2009-01-01 12:00:00,15.5105,
2009-01-01 15:00:00,15.499500000000001,
2009-01-01 18:00:00,15.485800000000001,
2009-01-01 21:00:00,15.3976,
2009-01-02 00:00:00,15.354700000000001,
2009-01-02 03:00:00,15.3472,
2009-01-02 06:00:00,15.3428,
2009-01-02 09:00:00,15.3352,
2009-01-02 12:00:00,15.319500000000001,
2009-01-02 15:00:00,15.3007,
2009-01-02 18:00:00,15.243500000000001,
2009-01-02 21:00:00,15.161700000000002,
2009-01-03 00:00:00,15.117500000000001,
2009-01-03 03:00:00,15.1013,
2009-01-03 06:00:00,15.0913,
2009-01-03 09:00:00,15.0854,
2009-01-03 12:00:00,15.0777,
2009-01-03 15:00:00,15.0661,
2009-01-03 18:00:00,15.0106,
2009-01-03 21:00:00,14.943200000000001,
2009-01-04 00:00:00,14.911900000000001,
2009-01-04 03:00:00,14.8901,
2009-01-04 06:00:00,14.871400000000001,
2009-01-04 09:00:00,14.865400000000001,
2009-01-04 12:00:00,14.8802,
2009-01-04 15:00:00,14.910300000000001,
2009-01-04 18:00:00,14.917100000000001,
2009-01-04 21:00:00,14.877,
2009-01-05 00:00:00,14.8536,
2009-01-05 03:00:00,14.848600000000001,
2009-01-05 06:00:00,14.8643,
2009-01-05 09:00:00,14.9007,
2009-01-05 12:00:00,14.954,
2009-01-05 15:00:00,15.0137,
2009-01-05 18:00:00,15.026100000000001,
2009-01-05 21:00:00,14.958,
2009-01-06 00:00:00,14.919400000000001,
2009-01-06 03:00:00,14.8968,
2009-01-06 06:00:00,14.8901,
2009-01-06 09:00:00,14.918600000000001,
2009-01-06 12:00:00,14.9703,
2009-01-06 15:00:00,15.0189,
2009-01-06 18:00:00,15.0137,
2009-01-06 21:00:00,14.937600000000002,
2009-01-07 00:00:00,14.896600000000001,
2009-01-07 03:00:00,14.879700000000001,
2009-01-07 06:00:00,14.8657,
2009-01-07 09:00:00,14.859,
2009-01-07 12:00:00,14.8572,
2009-01-07 15:00:00,14.8466,
2009-01-07 18:00:00,14.798200000000001,
2009-01-07 21:00:00,14.714,
2009-01-08 00:00:00,14.692200000000001,
2009-01-08 03:00:00,14.6896,
2009-01-08 06:00:00,14.6917,
2009-01-08 09:00:00,14.706700000000001,
2009-01-08 12:00:00,14.7291,
2009-01-08 15:00:00,14.7325,
2009-01-08 18:00:00,14.6898,
2009-01-08 21:00:00,14.6096,
2009-01-09 00:00:00,14.571800000000001,
2009-01-09 03:00:00,14.5469,
2009-01-09 06:00:00,14.5105,
2009-01-09 09:00:00,14.478200000000001,
2009-01-09 12:00:00,14.4565,
2009-01-09 15:00:00,14.4403,
2009-01-09 18:00:00,14.391200000000001,
2009-01-09 21:00:00,14.3246,
2009-01-10 00:00:00,14.303600000000001,
2009-01-10 03:00:00,14.287500000000001,
2009-01-10 06:00:00,14.266300000000001,
2009-01-10 09:00:00,14.2469,
2009-01-10 12:00:00,14.238900000000001,
2009-01-10 15:00:00,14.254700000000001,
2009-01-10 18:00:00,14.244800000000001,
2009-01-10 21:00:00,14.198300000000001,
2009-01-11 00:00:00,14.1829,
2009-01-11 03:00:00,14.176300000000001,
2009-01-11 06:00:00,14.165600000000001,
2009-01-11 09:00:00,14.152600000000001,
2009-01-11 12:00:00,14.1462,
2009-01-11 15:00:00,14.141300000000001,
2009-01-11 18:00:00,14.098500000000001,
2009-01-11 21:00:00,14.036000000000001,
2009-01-12 00:00:00,14.0166,
2009-01-12 03:00:00,14.012500000000001,
2009-01-12 06:00:00,13.9961,
2009-01-12 09:00:00,13.976,
2009-01-12 12:00:00,13.9664,
2009-01-12 15:00:00,13.9535,
2009-01-12 18:00:00,13.9076,
2009-01-12 21:00:00,13.829,
2009-01-13 00:00:00,13.781600000000001,
2009-01-13 03:00:00,13.7607,
2009-01-13 06:00:00,13.753200000000001,
2009-01-13 09:00:00,13.7811,
2009-01-13 12:00:00,13.8316,
2009-01-13 15:00:00,13.886000000000001,
2009-01-13 18:00:00,13.8953,
2009-01-13 21:00:00,13.8407,
2009-01-14 00:00:00,13.815000000000001,
2009-01-14 03:00:00,13.7996,
2009-01-14 06:00:00,13.7817,
2009-01-14 09:00:00,13.784,
2009-01-14 12:00:00,13.793000000000001,
2009-01-14 15:00:00,13.793000000000001,
2009-01-14 18:00:00,13.7735,
2009-01-14 21:00:00,13.763,
2009-01-15 00:00:00,13.755600000000001,
2009-01-15 03:00:00,13.741900000000001,
2009-01-15 06:00:00,13.745600000000001,
2009-01-15 09:00:00,13.7743,
2009-01-15 12:00:00,13.8217,
2009-01-15 15:00:00,13.8818,
2009-01-15 18:00:00,13.943100000000001,
2009-01-15 21:00:00,14.0013,
2009-01-16 00:00:00,14.058,
2009-01-16 03:00:00,14.1226,
2009-01-16 06:00:00,14.1903,
2009-01-16 09:00:00,14.2575,
2009-01-16 12:00:00,14.3209,
2009-01-16 15:00:00,14.3794,
2009-01-16 18:00:00,14.656,
2009-01-16 21:00:00,14.8686,
2009-01-17 00:00:00,14.8917,
2009-01-17 03:00:00,14.886000000000001,
2009-01-17 06:00:00,14.8825,
2009-01-17 09:00:00,14.8793,
2009-01-17 12:00:00,14.872300000000001,
2009-01-17 15:00:00,14.8597,
2009-01-17 18:00:00,14.792200000000001,
2009-01-17 21:00:00,14.6769,
2009-01-18 00:00:00,14.6319,
2009-01-18 03:00:00,14.6166,
2009-01-18 06:00:00,14.6011,
2009-01-18 09:00:00,14.581900000000001,
2009-01-18 12:00:00,14.555800000000001,
2009-01-18 15:00:00,14.521500000000001,
2009-01-18 18:00:00,14.446100000000001,
2009-01-18 21:00:00,14.335500000000001,
2009-01-19 00:00:00,14.2713,
2009-01-19 03:00:00,14.2415,
2009-01-19 06:00:00,14.209200000000001,
2009-01-19 09:00:00,14.1845,
2009-01-19 12:00:00,14.1696,
2009-01-19 15:00:00,14.1561,
2009-01-19 18:00:00,14.0983,
2009-01-19 21:00:00,13.995700000000001,
2009-01-20 00:00:00,13.942,
2009-01-20 03:00:00,13.9219,
2009-01-20 06:00:00,13.905600000000002,
2009-01-20 09:00:00,13.893,
2009-01-20 12:00:00,13.884500000000001,
2009-01-20 15:00:00,13.875100000000002,
2009-01-20 18:00:00,13.836500000000001,
2009-01-20 21:00:00,13.7764,
2009-01-21 00:00:00,13.7531,
2009-01-21 03:00:00,13.742500390625,
2009-01-21 06:00:00,13.7255,
2009-01-21 09:00:00,13.7065,
2009-01-21 12:00:00,13.6957,
2009-01-21 15:00:00,13.6815,
2009-01-21 18:00:00,13.6325,
2009-01-21 21:00:00,13.559600000000001,
2009-01-22 00:00:00,13.5348,
2009-01-22 03:00:00,13.529200000000001,
2009-01-22 06:00:00,13.5203,
2009-01-22 09:00:00,13.513900000000001,
2009-01-22 12:00:00,13.5103,
2009-01-22 15:00:00,13.5053,
2009-01-22 18:00:00,13.4627,
2009-01-22 21:00:00,13.398900390625,
2009-01-23 00:00:00,13.3764,
2009-01-23 03:00:00,13.3764,
2009-01-23 06:00:00,13.3747,
2009-01-23 09:00:00,13.372200000000001,
2009-01-23 12:00:00,13.355900390625001,
2009-01-23 15:00:00,13.345400000000001,
2009-01-23 18:00:00,13.3221,
2009-01-23 21:00:00,13.3274,
2009-01-24 00:00:00,13.3087,
2009-01-24 03:00:00,13.297400000000001,
2009-01-24 06:00:00,13.299000000000001,
2009-01-24 09:00:00,13.318900000000001,
2009-01-24 12:00:00,13.357800000000001,
2009-01-24 15:00:00,13.410600390625001,
2009-01-24 18:00:00,13.444500000000001,
2009-01-24 21:00:00,13.4304,
2009-01-25 00:00:00,13.416,
2009-01-25 03:00:00,13.426200000000001,
2009-01-25 06:00:00,13.4532,
2009-01-25 09:00:00,13.493400000000001,
2009-01-25 12:00:00,13.543500390625,
2009-01-25 15:00:00,13.5991,
2009-01-25 18:00:00,13.638100390625,
2009-01-25 21:00:00,13.6476,
2009-01-26 00:00:00,13.6507,
2009-01-26 03:00:00,13.673,
2009-01-26 06:00:00,13.7087,
2009-01-26 09:00:00,13.7553,
2009-01-26 12:00:00,13.8103,
2009-01-26 15:00:00,13.869000390625,
2009-01-26 18:00:00,13.9168,
2009-01-26 21:00:00,13.956700000000001,
2009-01-27 00:00:00,13.9967,
2009-01-27 03:00:00,14.047500000000001,
2009-01-27 06:00:00,14.101700000000001,
2009-01-27 09:00:00,14.159500000000001,
2009-01-27 12:00:00,14.2193,
2009-01-27 15:00:00,14.2796,
2009-01-27 18:00:00,14.331400390625001,
2009-01-27 21:00:00,14.3673,
2009-01-28 00:00:00,14.4,
2009-01-28 03:00:00,14.448,
2009-01-28 06:00:00,14.5069,
2009-01-28 09:00:00,14.5671,
2009-01-28 12:00:00,14.620600000000001,
2009-01-28 15:00:00,14.6667,
2009-01-28 18:00:00,14.8672,
2009-01-28 21:00:00,16.9393,
2009-01-29 00:00:00,17.9157,
2009-01-29 03:00:00,17.8438,
2009-01-29 06:00:00,17.778000000000002,
2009-01-29 09:00:00,17.7166,
2009-01-29 12:00:00,17.6661,
2009-01-29 15:00:00,17.625700000000002,
2009-01-29 18:00:00,17.928100390625,
2009-01-29 21:00:00,17.758100000000002,
2009-01-30 00:00:00,17.6593,
2009-01-30 03:00:00,17.5857,
2009-01-30 06:00:00,17.4825,
2009-01-30 09:00:00,17.3902,
2009-01-30 12:00:00,17.3004,
2009-01-30 15:00:00,17.2009,
2009-01-30 18:00:00,17.0177,
2009-01-30 21:00:00,16.7915,
2009-01-31 00:00:00,16.701900000000002,
2009-01-31 03:00:00,16.6766,
2009-01-31 06:00:00,16.6494,
2009-01-31 09:00:00,16.605300390625,
2009-01-31 12:00:00,16.538,
2009-01-31 15:00:00,16.4481,
2009-01-31 18:00:00,16.241,
2009-01-31 21:00:00,15.991900000000001,
2009-02-01 00:00:00,15.881300390625,
2009-02-01 03:00:00,15.858100390625001,
2009-02-01 06:00:00,15.829800390625001,
2009-02-01 09:00:00,15.797500000000001,
2009-02-01 12:00:00,15.7664,
2009-02-01 15:00:00,15.7238,
2009-02-01 18:00:00,15.6279,
2009-02-01 21:00:00,15.535400000000001,
2009-02-02 00:00:00,15.485700000000001,
2009-02-02 03:00:00,15.4609,
2009-02-02 06:00:00,15.4448,
2009-02-02 09:00:00,15.4078,
2009-02-02 12:00:00,15.3962,
2009-02-02 15:00:00,15.396,
2009-02-02 18:00:00,15.3228,
2009-02-02 21:00:00,15.2111,
2009-02-03 00:00:00,15.155000000000001,
2009-02-03 03:00:00,15.1437,
2009-02-03 06:00:00,15.1339,
2009-02-03 09:00:00,15.1096,
2009-02-03 12:00:00,15.076,
2009-02-03 15:00:00,15.0533,
2009-02-03 18:00:00,14.999500000000001,
2009-02-03 21:00:00,14.9306,
2009-02-04 00:00:00,14.895300390625001,
2009-02-04 03:00:00,14.8824,
2009-02-04 06:00:00,14.861400000000001,
2009-02-04 09:00:00,14.8506,
2009-02-04 12:00:00,14.8522,
2009-02-04 15:00:00,14.8528,
2009-02-04 18:00:00,14.7886,
2009-02-04 21:00:00,14.6933,
2009-02-05 00:00:00,14.6476,
2009-02-05 03:00:00,14.628300000000001,
2009-02-05 06:00:00,14.614500000000001,
2009-02-05 09:00:00,14.6021,
2009-02-05 12:00:00,14.587900000000001,
2009-02-05 15:00:00,14.5686,
2009-02-05 18:00:00,14.4844,
2009-02-05 21:00:00,14.360300390625001,
2009-02-06 00:00:00,14.308200000000001,
2009-02-06 03:00:00,14.2993,
2009-02-06 06:00:00,14.294300000000002,
2009-02-06 09:00:00,14.289900000000001,
2009-02-06 12:00:00,14.2788,
2009-02-06 15:00:00,14.249,
2009-02-06 18:00:00,14.1568,
2009-02-06 21:00:00,14.011100390625,
2009-02-07 00:00:00,13.9342,
2009-02-07 03:00:00,13.913300000000001,
2009-02-07 06:00:00,13.8979,
2009-02-07 09:00:00,13.8863,
2009-02-07 12:00:00,13.8825,
2009-02-07 15:00:00,13.8727,
2009-02-07 18:00:00,13.798100390625,
2009-02-07 21:00:00,13.6972,
2009-02-08 00:00:00,13.6554,
2009-02-08 03:00:00,13.6394,
2009-02-08 06:00:00,13.6159,
2009-02-08 09:00:00,13.5988,
2009-02-08 12:00:00,13.5846,
2009-02-08 15:00:00,13.7148,
2009-02-08 18:00:00,13.837100000000001,
2009-02-08 21:00:00,14.2962,
2009-02-09 00:00:00,14.760900390625,
2009-02-09 03:00:00,15.2256,
2009-02-09 06:00:00,15.683900000000001,
2009-02-09 09:00:00,19.253900390625002,
2009-02-09 12:00:00,22.6534,
2009-02-09 15:00:00,22.1813,
2009-02-09 18:00:00,21.7268,
2009-02-09 21:00:00,20.9435,
2009-02-10 00:00:00,20.417,
2009-02-10 03:00:00,20.0625,
2009-02-10 06:00:00,19.753500000000003,
2009-02-10 09:00:00,19.5164,
2009-02-10 12:00:00,19.332700000000003,
2009-02-10 15:00:00,19.1581,
2009-02-10 18:00:00,18.9019,
2009-02-10 21:00:00,18.569000390625,
2009-02-11 00:00:00,18.4097,
2009-02-11 03:00:00,18.3384,
2009-02-11 06:00:00,18.2485,
2009-02-11 09:00:00,18.2563,
2009-02-11 12:00:00,18.2573,
2009-02-11 15:00:00,18.1411,
2009-02-11 18:00:00,17.942500000000003,
2009-02-11 21:00:00,17.7088,
2009-02-12 00:00:00,17.5879,
2009-02-12 03:00:00,17.515,
2009-02-12 06:00:00,17.4372,
2009-02-12 09:00:00,17.383300000000002,
2009-02-12 12:00:00,17.342000000000002,
2009-02-12 15:00:00,17.277900390625,
2009-02-12 18:00:00,17.1569,
2009-02-12 21:00:00,17.009700000000002,
2009-02-13 00:00:00,16.92,
2009-02-13 03:00:00,16.8703,
2009-02-13 06:00:00,16.8309,
2009-02-13 09:00:00,16.8139,
2009-02-13 12:00:00,16.805400000000002,
2009-02-13 15:00:00,16.8293,
2009-02-13 18:00:00,16.8028,
2009-02-13 21:00:00,16.7723,
2009-02-14 00:00:00,16.7427,
2009-02-14 03:00:00,16.703400000000002,
2009-02-14 06:00:00,16.6609,
2009-02-14 09:00:00,16.6279,
2009-02-14 12:00:00,16.6259,
2009-02-14 15:00:00,16.6436,
2009-02-14 18:00:00,16.598700390625,
2009-02-14 21:00:00,16.4786,
2009-02-15 00:00:00,16.410500000000003,
2009-02-15 03:00:00,16.378500000000003,
2009-02-15 06:00:00,16.3311,
2009-02-15 09:00:00,16.310100390625,
2009-02-15 12:00:00,16.3129,
2009-02-15 15:00:00,16.332900000000002,
2009-02-15 18:00:00,16.288800390625,
2009-02-15 21:00:00,16.1863,
2009-02-16 00:00:00,16.1359,
2009-02-16 03:00:00,16.1174,
2009-02-16 06:00:00,16.0796,
2009-02-16 09:00:00,16.0514,
2009-02-16 12:00:00,16.0278,
2009-02-16 15:00:00,15.999,
2009-02-16 18:00:00,15.8893,
2009-02-16 21:00:00,15.7348,
2009-02-17 00:00:00,15.6507,
2009-02-17 03:00:00,15.611400000000001,
2009-02-17 06:00:00,15.582400000000002,
2009-02-17 09:00:00,15.5638,
2009-02-17 12:00:00,15.5539,
2009-02-17 15:00:00,15.5259,
2009-02-17 18:00:00,15.3793,
2009-02-17 21:00:00,15.159200390625001,
2009-02-18 00:00:00,15.023900000000001,
2009-02-18 03:00:00,14.951,
2009-02-18 06:00:00,14.9044,
2009-02-18 09:00:00,14.881800390625001,
2009-02-18 12:00:00,14.8687,
2009-02-18 15:00:00,14.859900000000001,
2009-02-18 18:00:00,14.7941,
2009-02-18 21:00:00,14.690000000000001,
2009-02-19 00:00:00,14.6355,
2009-02-19 03:00:00,14.613000000000001,
2009-02-19 06:00:00,14.602400000000001,
2009-02-19 09:00:00,14.5991,
2009-02-19 12:00:00,14.614,
2009-02-19 15:00:00,14.6292,
2009-02-19 18:00:00,14.5602,
2009-02-19 21:00:00,14.449800000000002,
2009-02-20 00:00:00,14.404100000000001,
2009-02-20 03:00:00,14.399200390625001,
2009-02-20 06:00:00,14.397400000000001,
2009-02-20 09:00:00,14.3941,
2009-02-20 12:00:00,14.388200000000001,
2009-02-20 15:00:00,14.372200000000001,
2009-02-20 18:00:00,14.294500000000001,
2009-02-20 21:00:00,14.180000000000001,
2009-02-21 00:00:00,14.1231,
2009-02-21 03:00:00,14.095,
2009-02-21 06:00:00,14.07,
2009-02-21 09:00:00,14.044300000000002,
2009-02-21 12:00:00,14.021600000000001,
2009-02-21 15:00:00,14.003200000000001,
2009-02-21 18:00:00,13.955100390625,
2009-02-21 21:00:00,13.882200000000001,
2009-02-22 00:00:00,13.8429,
2009-02-22 03:00:00,13.8388,
2009-02-22 06:00:00,13.841000000000001,
2009-02-22 09:00:00,13.8643,
2009-02-22 12:00:00,13.904100000000001,
2009-02-22 15:00:00,13.941,
2009-02-22 18:00:00,13.891300000000001,
2009-02-22 21:00:00,13.809600000000001,
2009-02-23 00:00:00,13.764800000000001,
2009-02-23 03:00:00,13.746300000000002,
2009-02-23 06:00:00,13.7285,
2009-02-23 09:00:00,13.7149,
2009-02-23 12:00:00,13.7051,
2009-02-23 15:00:00,13.687600000000002,
2009-02-23 18:00:00,13.641900000000001,
2009-02-23 21:00:00,13.577,
2009-02-24 00:00:00,13.536200000000001,
2009-02-24 03:00:00,13.5202,
2009-02-24 06:00:00,13.504800000000001,
2009-02-24 09:00:00,13.4944,
2009-02-24 12:00:00,13.499200390625,
2009-02-24 15:00:00,13.503400000000001,
2009-02-24 18:00:00,13.450500390625,
2009-02-24 21:00:00,13.3656,
2009-02-25 00:00:00,13.3232,
2009-02-25 03:00:00,13.314400000000001,
2009-02-25 06:00:00,13.3079,
2009-02-25 09:00:00,13.318200000000001,
2009-02-25 12:00:00,13.336500000000001,
2009-02-25 15:00:00,13.3366,
2009-02-25 18:00:00,13.269300000000001,
2009-02-25 21:00:00,13.174800000000001,
2009-02-26 00:00:00,13.123600000000001,
2009-02-26 03:00:00,13.113900000000001,
2009-02-26 06:00:00,13.114500000000001,
2009-02-26 09:00:00,13.1417,
2009-02-26 12:00:00,13.1472,
2009-02-26 15:00:00,13.1354,
2009-02-26 18:00:00,13.071200000000001,
2009-02-26 21:00:00,12.974400000000001,
2009-02-27 00:00:00,12.919900390625001,
2009-02-27 03:00:00,12.903100390625001,
2009-02-27 06:00:00,12.8886,
2009-02-27 09:00:00,12.878200000000001,
2009-02-27 12:00:00,12.8725,
2009-02-27 15:00:00,12.875,
2009-02-27 18:00:00,12.850000000000001,
2009-02-27 21:00:00,12.804400000000001,
2009-02-28 00:00:00,12.776300390625,
2009-02-28 03:00:00,12.7658,
2009-02-28 06:00:00,12.7592,
2009-02-28 09:00:00,12.7537,
2009-02-28 12:00:00,12.763900000000001,
2009-02-28 15:00:00,12.796800000000001,
2009-02-28 18:00:00,12.8007,
2009-02-28 21:00:00,12.763,
2009-03-01 00:00:00,12.7453,
2009-03-01 03:00:00,12.740400000000001,
2009-03-01 06:00:00,12.753,
2009-03-01 09:00:00,12.790700000000001,
2009-03-01 12:00:00,12.8465,
2009-03-01 15:00:00,12.9082,
2009-03-01 18:00:00,12.9208,
2009-03-01 21:00:00,12.894400000000001,
2009-03-02 00:00:00,12.875900000000001,
2009-03-02 03:00:00,12.867,
2009-03-02 06:00:00,12.8588,
2009-03-02 09:00:00,12.850900000000001,
2009-03-02 12:00:00,12.8499,
2009-03-02 15:00:00,12.8556,
2009-03-02 18:00:00,12.826600000000001,
2009-03-02 21:00:00,12.7794,
2009-03-03 00:00:00,12.746500000000001,
2009-03-03 03:00:00,12.732800000000001,
2009-03-03 06:00:00,12.7231,
2009-03-03 09:00:00,12.7135,
2009-03-03 12:00:00,12.704600000000001,
2009-03-03 15:00:00,12.6911,
2009-03-03 18:00:00,12.6453,
2009-03-03 21:00:00,12.5869,
2009-03-04 00:00:00,12.5532,
2009-03-04 03:00:00,12.542,
2009-03-04 06:00:00,12.5386,
2009-03-04 09:00:00,12.5379,
2009-03-04 12:00:00,12.5417,
2009-03-04 15:00:00,12.534700390625,
2009-03-04 18:00:00,12.4762,
2009-03-04 21:00:00,12.3865,
2009-03-05 00:00:00,12.332,
2009-03-05 03:00:00,12.3056,
2009-03-05 06:00:00,12.283000000000001,
2009-03-05 09:00:00,12.2695,
2009-03-05 12:00:00,12.259800390625001,
2009-03-05 15:00:00,12.2384,
2009-03-05 18:00:00,12.163900390625,
2009-03-05 21:00:00,12.085500390625,
2009-03-06 00:00:00,12.0462,
2009-03-06 03:00:00,12.0374,
2009-03-06 06:00:00,12.0189,
2009-03-06 09:00:00,11.997300000000001,
2009-03-06 12:00:00,11.993400000000001,
2009-03-06 15:00:00,11.9864,
2009-03-06 18:00:00,11.927900000000001,
2009-03-06 21:00:00,11.859900000000001,
2009-03-07 00:00:00,11.8254,
2009-03-07 03:00:00,11.8094,
2009-03-07 06:00:00,11.790000000000001,
2009-03-07 09:00:00,11.768500000000001,
2009-03-07 12:00:00,11.751900000000001,
2009-03-07 15:00:00,11.7338,
2009-03-07 18:00:00,11.6921,
2009-03-07 21:00:00,11.633600000000001,
2009-03-08 00:00:00,11.604000000000001,
2009-03-08 03:00:00,11.603200000000001,
2009-03-08 06:00:00,11.606200000000001,
2009-03-08 09:00:00,11.6081,
2009-03-08 12:00:00,11.607700390625,
2009-03-08 15:00:00,11.597800000000001,
2009-03-08 18:00:00,11.5913,
2009-03-08 21:00:00,11.5425,
2009-03-09 00:00:00,11.5112,
2009-03-09 03:00:00,11.4992,
2009-03-09 06:00:00,11.4847,
2009-03-09 09:00:00,11.469700000000001,
2009-03-09 12:00:00,11.4587,
2009-03-09 15:00:00,11.442300000000001,
2009-03-09 18:00:00,11.4063,
2009-03-09 21:00:00,11.379800000000001,
2009-03-10 00:00:00,11.3734,
2009-03-10 03:00:00,11.3693,
2009-03-10 06:00:00,11.3619,
2009-03-10 09:00:00,11.3564,
2009-03-10 12:00:00,11.354000000000001,
2009-03-10 15:00:00,11.349400000000001,
2009-03-10 18:00:00,11.334900000000001,
2009-03-10 21:00:00,11.3084,
2009-03-11 00:00:00,11.289100000000001,
2009-03-11 03:00:00,11.2835,
2009-03-11 06:00:00,11.279300000000001,
2009-03-11 09:00:00,11.276200000000001,
2009-03-11 12:00:00,11.274700000000001,
2009-03-11 15:00:00,11.283000000000001,
2009-03-11 18:00:00,11.270800000000001,
2009-03-11 21:00:00,11.254000000000001,
2009-03-12 00:00:00,11.241100000000001,
2009-03-12 03:00:00,11.2354,
2009-03-12 06:00:00,11.2321,
2009-03-12 09:00:00,11.229800000000001,
2009-03-12 12:00:00,11.2299,
2009-03-12 15:00:00,11.236600000000001,
2009-03-12 18:00:00,11.2253,
2009-03-12 21:00:00,11.2452,
2009-03-13 00:00:00,11.271500000000001,
2009-03-13 03:00:00,11.2787,
2009-03-13 06:00:00,11.279300390625,
2009-03-13 09:00:00,11.2794,
2009-03-13 12:00:00,11.2803,
2009-03-13 15:00:00,11.2886,
2009-03-13 18:00:00,11.303700000000001,
2009-03-13 21:00:00,11.3004,
2009-03-14 00:00:00,11.2995,
2009-03-14 03:00:00,11.3002,
2009-03-14 06:00:00,11.3001,
2009-03-14 09:00:00,11.301,
2009-03-14 12:00:00,11.3011,
2009-03-14 15:00:00,11.300500390625,
2009-03-14 18:00:00,11.286000000000001,
2009-03-14 21:00:00,11.2619,
2009-03-15 00:00:00,11.2475,
2009-03-15 03:00:00,11.245000000000001,
2009-03-15 06:00:00,11.244100000000001,
2009-03-15 09:00:00,11.244200000000001,
2009-03-15 12:00:00,11.2651,
2009-03-15 15:00:00,11.2702,
2009-03-15 18:00:00,11.2341,
2009-03-15 21:00:00,11.1812,
2009-03-16 00:00:00,11.1532,
2009-03-16 03:00:00,11.1507,
2009-03-16 06:00:00,11.148200000000001,
2009-03-16 09:00:00,11.1468,
2009-03-16 12:00:00,11.1461,
2009-03-16 15:00:00,11.1378,
2009-03-16 18:00:00,11.0905,
2009-03-16 21:00:00,11.024000000000001,
2009-03-17 00:00:00,10.9864,
2009-03-17 03:00:00,10.9783,
2009-03-17 06:00:00,10.9726,
2009-03-17 09:00:00,10.9688,
2009-03-17 12:00:00,10.9665,
2009-03-17 15:00:00,10.9574,
2009-03-17 18:00:00,10.9117,
2009-03-17 21:00:00,10.850000390625,
2009-03-18 00:00:00,10.815600390625,
2009-03-18 03:00:00,10.8099,
2009-03-18 06:00:00,10.805,
2009-03-18 09:00:00,10.802800000000001,
2009-03-18 12:00:00,10.801400390625,
2009-03-18 15:00:00,10.7931,
2009-03-18 18:00:00,10.761800000000001,
2009-03-18 21:00:00,10.728900000000001,
2009-03-19 00:00:00,,
2009-03-19 03:00:00,,
2009-03-19 06:00:00,10.696700390625,
2009-03-19 09:00:00,10.728900000000001,
2009-03-19 12:00:00,10.761000000000001,
2009-03-19 15:00:00,10.786100000000001,
2009-03-19 18:00:00,10.787600000000001,
2009-03-19 21:00:00,10.742,
2009-03-20 00:00:00,10.7142,
2009-03-20 03:00:00,10.708700390625001,
2009-03-20 06:00:00,10.704600000000001,
2009-03-20 09:00:00,10.704800390625001,
2009-03-20 12:00:00,10.706500390625001,
2009-03-20 15:00:00,10.7125,
2009-03-20 18:00:00,10.7132,
2009-03-20 21:00:00,10.7036,
2009-03-21 00:00:00,10.6987,
2009-03-21 03:00:00,10.7203,
2009-03-21 06:00:00,10.743400390625,
2009-03-21 09:00:00,10.752600000000001,
2009-03-21 12:00:00,10.7802,
2009-03-21 15:00:00,10.780700000000001,
2009-03-21 18:00:00,10.7438,
2009-03-21 21:00:00,10.689400000000001,
2009-03-22 00:00:00,10.656600000000001,
2009-03-22 03:00:00,10.6493,
2009-03-22 06:00:00,10.6452,
2009-03-22 09:00:00,10.6423,
2009-03-22 12:00:00,10.6399,
2009-03-22 15:00:00,10.6562,
2009-03-22 18:00:00,10.6569,
2009-03-22 21:00:00,10.936900000000001,
2009-03-23 00:00:00,11.228100000000001,
2009-03-23 03:00:00,11.247300000000001,
2009-03-23 06:00:00,11.2664,
2009-03-23 09:00:00,11.3138,
2009-03-23 12:00:00,11.3604,
2009-03-23 15:00:00,11.3312,
2009-03-23 18:00:00,11.242300390625001,
2009-03-23 21:00:00,11.141500390625001,
2009-03-24 00:00:00,11.092700390625,
2009-03-24 03:00:00,11.0838,
2009-03-24 06:00:00,11.075700000000001,
2009-03-24 09:00:00,11.070400390625,
2009-03-24 12:00:00,11.063600000000001,
2009-03-24 15:00:00,11.0487,
2009-03-24 18:00:00,11.0134,
2009-03-24 21:00:00,10.972100000000001,
2009-03-25 00:00:00,10.941600000000001,
2009-03-25 03:00:00,10.9361,
2009-03-25 06:00:00,10.936,
2009-03-25 09:00:00,10.9358,
2009-03-25 12:00:00,10.9356,
2009-03-25 15:00:00,10.929300000000001,
2009-03-25 18:00:00,10.9059,
2009-03-25 21:00:00,10.904200000000001,
2009-03-26 00:00:00,10.9105,
2009-03-26 03:00:00,10.908800000000001,
2009-03-26 06:00:00,10.9102,
2009-03-26 09:00:00,10.9092,
2009-03-26 12:00:00,10.9097,
2009-03-26 15:00:00,10.921800000000001,
2009-03-26 18:00:00,10.9208,
2009-03-26 21:00:00,11.023900000000001,
2009-03-27 00:00:00,11.139000000000001,
2009-03-27 03:00:00,11.238100000000001,
2009-03-27 06:00:00,11.337800390625,
2009-03-27 09:00:00,11.5433,
2009-03-27 12:00:00,11.541400000000001,
2009-03-27 15:00:00,11.539900000000001,
2009-03-27 18:00:00,11.5373,
2009-03-27 21:00:00,11.5356,
2009-03-28 00:00:00,11.533900000000001,
2009-03-28 03:00:00,11.533800000000001,
2009-03-28 06:00:00,11.5335,
2009-03-28 09:00:00,11.5333,
2009-03-28 12:00:00,11.533100000000001,
2009-03-28 15:00:00,11.532300000000001,
2009-03-28 18:00:00,12.275300390625,
2009-03-28 21:00:00,15.0128,
2009-03-29 00:00:00,,
2009-03-29 03:00:00,,
2009-03-29 06:00:00,15.7756,
2009-03-29 09:00:00,15.7354,
2009-03-29 12:00:00,15.6432,
2009-03-29 15:00:00,15.7688,
2009-03-29 18:00:00,16.227800000000002,
2009-03-29 21:00:00,16.2885,
2009-03-30 00:00:00,16.2116,
2009-03-30 03:00:00,16.1707,
2009-03-30 06:00:00,16.140900000000002,
2009-03-30 09:00:00,16.108800000000002,
2009-03-30 12:00:00,16.075,
2009-03-30 15:00:00,16.0063,
2009-03-30 18:00:00,15.814100000000002,
2009-03-30 21:00:00,15.5844,
2009-03-31 00:00:00,15.465900000000001,
2009-03-31 03:00:00,15.4274,
2009-03-31 06:00:00,15.3976,
2009-03-31 09:00:00,15.359900000000001,
2009-03-31 12:00:00,15.3231,
2009-03-31 15:00:00,15.262500000000001,
2009-03-31 18:00:00,15.101600000000001,
2009-03-31 21:00:00,14.8856,
2009-04-01 00:00:00,14.749500000000001,
2009-04-01 03:00:00,14.7302,
2009-04-01 06:00:00,14.719600000000002,
2009-04-01 09:00:00,14.709200000000001,
2009-04-01 12:00:00,14.6964,
2009-04-01 15:00:00,14.6662,
2009-04-01 18:00:00,14.5701,
2009-04-01 21:00:00,14.3949,
2009-04-02 00:00:00,14.3141,
2009-04-02 03:00:00,14.3596,
2009-04-02 06:00:00,14.4114,
2009-04-02 09:00:00,14.7522,
2009-04-02 12:00:00,15.060100390625001,
2009-04-02 15:00:00,15.0547,
2009-04-02 18:00:00,15.0081,
2009-04-02 21:00:00,14.8537,
2009-04-03 00:00:00,14.752,
2009-04-03 03:00:00,14.7384,
2009-04-03 06:00:00,14.7222,
2009-04-03 09:00:00,14.706100000000001,
2009-04-03 12:00:00,14.688400000000001,
2009-04-03 15:00:00,14.635000000000002,
2009-04-03 18:00:00,14.449200000000001,
2009-04-03 21:00:00,14.205200000000001,
2009-04-04 00:00:00,14.064400000000001,
2009-04-04 03:00:00,14.031500000000001,
2009-04-04 06:00:00,14.0082,
2009-04-04 09:00:00,13.9855,
2009-04-04 12:00:00,13.9611,
2009-04-04 15:00:00,13.881300000000001,
2009-04-04 18:00:00,13.649700000000001,
2009-04-04 21:00:00,13.4097,
2009-04-05 00:00:00,13.3001,
2009-04-05 03:00:00,13.2737,
2009-04-05 06:00:00,13.2527,
2009-04-05 09:00:00,13.314300000000001,
2009-04-05 12:00:00,13.327900000000001,
2009-04-05 15:00:00,13.314400000000001,
2009-04-05 18:00:00,13.3838,
2009-04-05 21:00:00,13.348500000000001,
2009-04-06 00:00:00,13.315700000000001,
2009-04-06 03:00:00,13.301300000000001,
2009-04-06 06:00:00,13.2916,
2009-04-06 09:00:00,13.2844,
2009-04-06 12:00:00,13.2781,
2009-04-06 15:00:00,13.263200000000001,
2009-04-06 18:00:00,13.2079,
2009-04-06 21:00:00,13.1118,
2009-04-07 00:00:00,13.0486,
2009-04-07 03:00:00,13.0358,
2009-04-07 06:00:00,13.030800000000001,
2009-04-07 09:00:00,13.0229,
2009-04-07 12:00:00,12.992600000000001,
2009-04-07 15:00:00,12.952100000000002,
2009-04-07 18:00:00,12.828800000000001,
2009-04-07 21:00:00,12.649600000000001,
2009-04-08 00:00:00,12.5439,
2009-04-08 03:00:00,12.5319,
2009-04-08 06:00:00,12.529300390625,
2009-04-08 09:00:00,12.527800390625,
2009-04-08 12:00:00,12.5374,
2009-04-08 15:00:00,12.516900000000001,
2009-04-08 18:00:00,12.3952,
2009-04-08 21:00:00,12.228800000000001,
2009-04-09 00:00:00,12.134400000000001,
2009-04-09 03:00:00,12.119100000000001,
2009-04-09 06:00:00,12.1102,
2009-04-09 09:00:00,12.112400000000001,
2009-04-09 12:00:00,12.116800000000001,
2009-04-09 15:00:00,12.0921,
2009-04-09 18:00:00,12.005600000000001,
2009-04-09 21:00:00,13.3215,
2009-04-10 00:00:00,15.248700000000001,
2009-04-10 03:00:00,16.2799,
2009-04-10 06:00:00,17.310200390625003,
2009-04-10 09:00:00,17.6472,
2009-04-10 12:00:00,17.9938,
2009-04-10 15:00:00,17.8781,
2009-04-10 18:00:00,17.6068,
2009-04-10 21:00:00,17.1844,
2009-04-11 00:00:00,16.927500000000002,
2009-04-11 03:00:00,16.8629,
2009-04-11 06:00:00,16.8164,
2009-04-11 09:00:00,16.7776,
2009-04-11 12:00:00,16.736900000000002,
2009-04-11 15:00:00,16.6467,
2009-04-11 18:00:00,16.3713,
2009-04-11 21:00:00,16.1064,
2009-04-12 00:00:00,16.0119,
2009-04-12 03:00:00,16.0775,
2009-04-12 06:00:00,16.1494,
2009-04-12 09:00:00,16.5717,
2009-04-12 12:00:00,17.2403,
2009-04-12 15:00:00,19.631800000000002,
2009-04-12 18:00:00,21.6292,
2009-04-12 21:00:00,22.8275,
2009-04-13 00:00:00,23.858700000000002,
2009-04-13 03:00:00,23.4187,
2009-04-13 06:00:00,23.143700390625,
2009-04-13 09:00:00,22.529500000000002,
2009-04-13 12:00:00,22.073700000000002,
2009-04-13 15:00:00,21.5916,
2009-04-13 18:00:00,21.1155,
2009-04-13 21:00:00,20.5762,
2009-04-14 00:00:00,20.1657,
2009-04-14 03:00:00,19.9681,
2009-04-14 06:00:00,19.809600390625,
2009-04-14 09:00:00,19.681800000000003,
2009-04-14 12:00:00,19.567600000000002,
2009-04-14 15:00:00,19.3503,
2009-04-14 18:00:00,18.8174,
2009-04-14 21:00:00,18.214000000000002,
2009-04-15 00:00:00,17.922800000000002,
2009-04-15 03:00:00,17.824300390625,
2009-04-15 06:00:00,17.7514,
2009-04-15 09:00:00,17.6884,
2009-04-15 12:00:00,17.6262,
2009-04-15 15:00:00,17.4889,
2009-04-15 18:00:00,17.2137,
2009-04-15 21:00:00,17.0792,
2009-04-16 00:00:00,17.0743,
2009-04-16 03:00:00,17.095100000000002,
2009-04-16 06:00:00,17.128500000000003,
2009-04-16 09:00:00,17.166600000000003,
2009-04-16 12:00:00,17.2117,
2009-04-16 15:00:00,17.186500000000002,
2009-04-16 18:00:00,16.992,
2009-04-16 21:00:00,16.8327,
2009-04-17 00:00:00,16.772600390625,
2009-04-17 03:00:00,16.742200390625,
2009-04-17 06:00:00,16.7165,
2009-04-17 09:00:00,19.2129,
2009-04-17 12:00:00,22.0444,
2009-04-17 15:00:00,23.785600390625,
2009-04-17 18:00:00,24.814400390625,
2009-04-17 21:00:00,30.4511,
2009-04-18 00:00:00,31.706300000000002,
2009-04-18 03:00:00,31.0055,
2009-04-18 06:00:00,31.495700000000003,
2009-04-18 09:00:00,28.492800000000003,
2009-04-18 12:00:00,27.361800390625,
2009-04-18 15:00:00,26.6461,
2009-04-18 18:00:00,26.047600000000003,
2009-04-18 21:00:00,28.013900390625,
2009-04-19 00:00:00,29.4634,
2009-04-19 03:00:00,28.701700000000002,
2009-04-19 06:00:00,28.4296,
2009-04-19 09:00:00,27.597,
2009-04-19 12:00:00,27.0988,
2009-04-19 15:00:00,26.5576,
2009-04-19 18:00:00,25.8903,
2009-04-19 21:00:00,25.0486,
2009-04-20 00:00:00,24.571,
2009-04-20 03:00:00,24.4478,
2009-04-20 06:00:00,24.370800000000003,
2009-04-20 09:00:00,24.2895,
2009-04-20 12:00:00,24.200100000000003,
2009-04-20 15:00:00,23.9893,
2009-04-20 18:00:00,23.474800000000002,
2009-04-20 21:00:00,22.9475,
2009-04-21 00:00:00,22.6739,
2009-04-21 03:00:00,22.6442,
2009-04-21 06:00:00,22.6344,
2009-04-21 09:00:00,22.6172,
2009-04-21 12:00:00,22.595000000000002,
2009-04-21 15:00:00,22.4498,
2009-04-21 18:00:00,21.9968,
2009-04-21 21:00:00,21.4728,
2009-04-22 00:00:00,21.186400000000003,
2009-04-22 03:00:00,21.1664,
2009-04-22 06:00:00,21.172600000000003,
2009-04-22 09:00:00,21.174500000000002,
2009-04-22 12:00:00,21.165900390625,
2009-04-22 15:00:00,21.0335,
2009-04-22 18:00:00,20.6214,
2009-04-22 21:00:00,20.158900000000003,
2009-04-23 00:00:00,19.940400390625,
2009-04-23 03:00:00,19.891600390625,
2009-04-23 06:00:00,19.8747,
2009-04-23 09:00:00,19.8822,
2009-04-23 12:00:00,19.8978,
2009-04-23 15:00:00,19.831,
2009-04-23 18:00:00,19.6124,
2009-04-23 21:00:00,19.1787,
2009-04-24 00:00:00,18.8826,
2009-04-24 03:00:00,18.8546,
2009-04-24 06:00:00,18.856,
2009-04-24 09:00:00,18.854,
2009-04-24 12:00:00,18.8368,
2009-04-24 15:00:00,18.692600000000002,
2009-04-24 18:00:00,18.335,
2009-04-24 21:00:00,17.941300000000002,
2009-04-25 00:00:00,17.6995,
2009-04-25 03:00:00,17.634700000000002,
2009-04-25 06:00:00,17.5898,
2009-04-25 09:00:00,17.577,
2009-04-25 12:00:00,17.5793,
2009-04-25 15:00:00,17.5316,
2009-04-25 18:00:00,17.4298,
2009-04-25 21:00:00,17.2799,
2009-04-26 00:00:00,17.187,
2009-04-26 03:00:00,17.2301,
2009-04-26 06:00:00,17.2884,
2009-04-26 09:00:00,17.6824,
2009-04-26 12:00:00,18.297800000000002,
2009-04-26 15:00:00,19.081300000000002,
2009-04-26 18:00:00,19.5811,
2009-04-26 21:00:00,19.878600000000002,
2009-04-27 00:00:00,20.2009,
2009-04-27 03:00:00,21.4064,
2009-04-27 06:00:00,22.587,
2009-04-27 09:00:00,22.5362,
2009-04-27 12:00:00,22.4675,
2009-04-27 15:00:00,22.224600000000002,
2009-04-27 18:00:00,21.93,
2009-04-27 21:00:00,21.541900000000002,
2009-04-28 00:00:00,21.2267,
2009-04-28 03:00:00,21.0954,
2009-04-28 06:00:00,21.0016,
2009-04-28 09:00:00,20.9235,
2009-04-28 12:00:00,20.8581,
2009-04-28 15:00:00,20.7359,
2009-04-28 18:00:00,20.401300000000003,
2009-04-28 21:00:00,20.0396,
2009-04-29 00:00:00,19.843500000000002,
2009-04-29 03:00:00,19.799400000000002,
2009-04-29 06:00:00,19.7769,
2009-04-29 09:00:00,19.7604,
2009-04-29 12:00:00,19.7485,
2009-04-29 15:00:00,19.709600000000002,
2009-04-29 18:00:00,19.523,
2009-04-29 21:00:00,19.2653,
2009-04-30 00:00:00,19.1068,
2009-04-30 03:00:00,19.0851,
2009-04-30 06:00:00,19.073700000000002,
2009-04-30 09:00:00,19.1005,
2009-04-30 12:00:00,19.111800000000002,
2009-04-30 15:00:00,19.1033,
2009-04-30 18:00:00,19.0072,
2009-04-30 21:00:00,18.8744,
2009-05-01 00:00:00,18.8184,
2009-05-01 03:00:00,18.7943,
2009-05-01 06:00:00,18.7798,
2009-05-01 09:00:00,18.865000000000002,
2009-05-01 12:00:00,18.9444,
2009-05-01 15:00:00,19.2175,
2009-05-01 18:00:00,19.4254,
2009-05-01 21:00:00,19.273400000000002,
2009-05-02 00:00:00,19.1597,
2009-05-02 03:00:00,19.133300000000002,
2009-05-02 06:00:00,19.1141,
2009-05-02 09:00:00,19.0912,
2009-05-02 12:00:00,19.069000000000003,
2009-05-02 15:00:00,19.0333,
2009-05-02 18:00:00,18.924400000000002,
2009-05-02 21:00:00,19.2972,
2009-05-03 00:00:00,19.7379,
2009-05-03 03:00:00,20.090700000000002,
2009-05-03 06:00:00,20.4979,
2009-05-03 09:00:00,20.855900000000002,
2009-05-03 12:00:00,21.1808,
2009-05-03 15:00:00,21.134700000000002,
2009-05-03 18:00:00,21.049,
2009-05-03 21:00:00,20.8578,
2009-05-04 00:00:00,20.6842,
2009-05-04 03:00:00,20.5825,
2009-05-04 06:00:00,20.5039,
2009-05-04 09:00:00,20.4298,
2009-05-04 12:00:00,20.3677,
2009-05-04 15:00:00,20.2289,
2009-05-04 18:00:00,19.9327,
2009-05-04 21:00:00,19.623,
2009-05-05 00:00:00,19.4332,
2009-05-05 03:00:00,19.3776,
2009-05-05 06:00:00,19.342200000000002,
2009-05-05 09:00:00,19.3121,
2009-05-05 12:00:00,19.2892,
2009-05-05 15:00:00,19.2488,
2009-05-05 18:00:00,19.128700000000002,
2009-05-05 21:00:00,18.9614,
2009-05-06 00:00:00,18.884600000000002,
2009-05-06 03:00:00,18.8525,
2009-05-06 06:00:00,18.8523,
2009-05-06 09:00:00,18.8687,
2009-05-06 12:00:00,18.863500000000002,
2009-05-06 15:00:00,18.7519,
2009-05-06 18:00:00,18.3485,
2009-05-06 21:00:00,17.8636,
2009-05-07 00:00:00,17.597,
2009-05-07 03:00:00,17.5745,
2009-05-07 06:00:00,17.5456,
2009-05-07 09:00:00,17.552500000000002,
2009-05-07 12:00:00,17.5648,
2009-05-07 15:00:00,17.4909,
2009-05-07 18:00:00,17.2412,
2009-05-07 21:00:00,16.9187,
2009-05-08 00:00:00,16.7099,
2009-05-08 03:00:00,16.6874,
2009-05-08 06:00:00,16.716,
2009-05-08 09:00:00,18.5869,
2009-05-08 12:00:00,20.7266,
2009-05-08 15:00:00,20.6655,
2009-05-08 18:00:00,20.355800000000002,
2009-05-08 21:00:00,19.694200000000002,
2009-05-09 00:00:00,19.2421,
2009-05-09 03:00:00,19.118000000000002,
2009-05-09 06:00:00,19.0411,
2009-05-09 09:00:00,18.9679,
2009-05-09 12:00:00,18.9026,
2009-05-09 15:00:00,18.7869,
2009-05-09 18:00:00,18.526,
2009-05-09 21:00:00,18.146,
2009-05-10 00:00:00,17.9052,
2009-05-10 03:00:00,17.8539,
2009-05-10 06:00:00,17.821,
2009-05-10 09:00:00,17.9542,
2009-05-10 12:00:00,18.093700000000002,
2009-05-10 15:00:00,18.1628,
2009-05-10 18:00:00,18.1915,
2009-05-10 21:00:00,18.0595,
2009-05-11 00:00:00,17.945800000000002,
2009-05-11 03:00:00,17.9074,
2009-05-11 06:00:00,17.8881,
2009-05-11 09:00:00,17.9005,
2009-05-11 12:00:00,17.900000000000002,
2009-05-11 15:00:00,17.818,
2009-05-11 18:00:00,17.521800000000002,
2009-05-11 21:00:00,17.186600000000002,
2009-05-12 00:00:00,16.9962,
2009-05-12 03:00:00,16.960900000000002,
2009-05-12 06:00:00,16.948,
2009-05-12 09:00:00,16.9684,
2009-05-12 12:00:00,16.9895,
2009-05-12 15:00:00,16.979400000000002,
2009-05-12 18:00:00,16.8961,
2009-05-12 21:00:00,16.7296,
2009-05-13 00:00:00,16.593600000000002,
2009-05-13 03:00:00,16.5831,
2009-05-13 06:00:00,16.583000000000002,
2009-05-13 09:00:00,16.5545,
2009-05-13 12:00:00,16.5156,
2009-05-13 15:00:00,16.3791,
2009-05-13 18:00:00,16.0734,
2009-05-13 21:00:00,15.7125,
2009-05-14 00:00:00,15.4709,
2009-05-14 03:00:00,15.4116,
2009-05-14 06:00:00,15.383500000000002,
2009-05-14 09:00:00,15.3686,
2009-05-14 12:00:00,15.355300000000002,
2009-05-14 15:00:00,15.2924,
2009-05-14 18:00:00,15.1067,
2009-05-14 21:00:00,14.8787,
2009-05-15 00:00:00,14.777800000000001,
2009-05-15 03:00:00,14.761000000000001,
2009-05-15 06:00:00,14.760100000000001,
2009-05-15 09:00:00,14.836500000000001,
2009-05-15 12:00:00,14.8976,
2009-05-15 15:00:00,14.8468,
2009-05-15 18:00:00,14.629100000000001,
2009-05-15 21:00:00,14.386700000000001,
2009-05-16 00:00:00,14.237900000000002,
2009-05-16 03:00:00,14.210700000000001,
2009-05-16 06:00:00,14.194600000000001,
2009-05-16 09:00:00,14.197500000000002,
2009-05-16 12:00:00,14.201,
2009-05-16 15:00:00,14.234900000000001,
2009-05-16 18:00:00,14.21,
2009-05-16 21:00:00,14.0836,
2009-05-17 00:00:00,13.9772,
2009-05-17 03:00:00,13.958,
2009-05-17 06:00:00,13.953100000000001,
2009-05-17 09:00:00,13.9496,
2009-05-17 12:00:00,13.948300000000001,
2009-05-17 15:00:00,13.8855,
2009-05-17 18:00:00,13.7077,
2009-05-17 21:00:00,13.4989,
2009-05-18 00:00:00,13.363700000000001,
2009-05-18 03:00:00,13.336400000000001,
2009-05-18 06:00:00,13.325000000000001,
2009-05-18 09:00:00,13.317300000000001,
2009-05-18 12:00:00,13.308800000000002,
2009-05-18 15:00:00,13.243500000000001,
2009-05-18 18:00:00,13.0786,
2009-05-18 21:00:00,12.8849,
2009-05-19 00:00:00,12.7568,
2009-05-19 03:00:00,12.731900000000001,
2009-05-19 06:00:00,12.7253,
2009-05-19 09:00:00,12.72,
2009-05-19 12:00:00,12.713000000000001,
2009-05-19 15:00:00,12.6476,
2009-05-19 18:00:00,12.4906,
2009-05-19 21:00:00,12.310500000000001,
2009-05-20 00:00:00,12.188,
2009-05-20 03:00:00,12.1598,
2009-05-20 06:00:00,12.1468,
2009-05-20 09:00:00,12.135900000000001,
2009-05-20 12:00:00,12.1257,
2009-05-20 15:00:00,12.0668,
2009-05-20 18:00:00,11.936200000000001,
2009-05-20 21:00:00,11.795300000000001,
2009-05-21 00:00:00,11.7072,
2009-05-21 03:00:00,11.687800000000001,
2009-05-21 06:00:00,11.6788,
2009-05-21 09:00:00,11.672,
2009-05-21 12:00:00,11.6666,
2009-05-21 15:00:00,11.622900000000001,
2009-05-21 18:00:00,11.5091,
2009-05-21 21:00:00,11.374600000000001,
2009-05-22 00:00:00,11.2865,
2009-05-22 03:00:00,11.2727,
2009-05-22 06:00:00,11.267700000000001,
2009-05-22 09:00:00,11.265600000000001,
2009-05-22 12:00:00,11.265,
2009-05-22 15:00:00,11.2286,
2009-05-22 18:00:00,11.126800000000001,
2009-05-22 21:00:00,11.0115,
2009-05-23 00:00:00,10.9482,
2009-05-23 03:00:00,10.938500000000001,
2009-05-23 06:00:00,10.9351,
2009-05-23 09:00:00,10.9338,
2009-05-23 12:00:00,10.934000000000001,
2009-05-23 15:00:00,10.9008,
2009-05-23 18:00:00,10.8078,
2009-05-23 21:00:00,10.727,
2009-05-24 00:00:00,10.6685,
2009-05-24 03:00:00,10.8804,
2009-05-24 06:00:00,11.1003,
2009-05-24 09:00:00,11.1127,
2009-05-24 12:00:00,11.1353,
2009-05-24 15:00:00,11.4389,
2009-05-24 18:00:00,11.659500000000001,
2009-05-24 21:00:00,11.711500000000001,
2009-05-25 00:00:00,11.8114,
2009-05-25 03:00:00,12.3728,
2009-05-25 06:00:00,13.331800000000001,
2009-05-25 09:00:00,13.4185,
2009-05-25 12:00:00,13.533900000000001,
2009-05-25 15:00:00,14.5334,
2009-05-25 18:00:00,15.120500000000002,
2009-05-25 21:00:00,18.584400000000002,
2009-05-26 00:00:00,22.4314,
2009-05-26 03:00:00,22.560100000000002,
2009-05-26 06:00:00,22.837500000000002,
2009-05-26 09:00:00,23.0778,
2009-05-26 12:00:00,23.2605,
2009-05-26 15:00:00,22.9096,
2009-05-26 18:00:00,22.459,
2009-05-26 21:00:00,22.2694,
2009-05-27 00:00:00,22.2053,
2009-05-27 03:00:00,23.206,
2009-05-27 06:00:00,24.0242,
2009-05-27 09:00:00,23.381400000000003,
2009-05-27 12:00:00,22.9216,
2009-05-27 15:00:00,22.2988,
2009-05-27 18:00:00,21.616200000000003,
2009-05-27 21:00:00,20.8306,
2009-05-28 00:00:00,20.2753,
2009-05-28 03:00:00,20.0608,
2009-05-28 06:00:00,19.921400000000002,
2009-05-28 09:00:00,19.797,
2009-05-28 12:00:00,19.6781,
2009-05-28 15:00:00,19.388,
2009-05-28 18:00:00,18.756700000000002,
2009-05-28 21:00:00,18.066200000000002,
2009-05-29 00:00:00,17.6173,
2009-05-29 03:00:00,17.5284,
2009-05-29 06:00:00,17.4938,
2009-05-29 09:00:00,17.4598,
2009-05-29 12:00:00,17.4201,
2009-05-29 15:00:00,17.21,
2009-05-29 18:00:00,16.741,
2009-05-29 21:00:00,16.2401,
2009-05-30 00:00:00,15.924800000000001,
2009-05-30 03:00:00,15.8702,
2009-05-30 06:00:00,15.8397,
2009-05-30 09:00:00,15.8056,
2009-05-30 12:00:00,15.7683,
2009-05-30 15:00:00,15.571000000000002,
2009-05-30 18:00:00,15.186100000000001,
2009-05-30 21:00:00,14.7932,
2009-05-31 00:00:00,14.560300000000002,
2009-05-31 03:00:00,14.546600000000002,
2009-05-31 06:00:00,14.554400000000001,
2009-05-31 09:00:00,14.545200000000001,
2009-05-31 12:00:00,14.533500390625,
2009-05-31 15:00:00,14.406600000000001,
2009-05-31 18:00:00,14.096800390625,
2009-05-31 21:00:00,13.7535,
2009-06-01 00:00:00,13.5222,
2009-06-01 03:00:00,13.4669,
2009-06-01 06:00:00,13.4427,
2009-06-01 09:00:00,13.423,
2009-06-01 12:00:00,13.4121,
2009-06-01 15:00:00,13.31,
2009-06-01 18:00:00,13.099400000000001,
2009-06-01 21:00:00,12.8778,
2009-06-02 00:00:00,12.728900000000001,
2009-06-02 03:00:00,12.700000000000001,
2009-06-02 06:00:00,12.6918,
2009-06-02 09:00:00,12.6843,
2009-06-02 12:00:00,12.6814,
2009-06-02 15:00:00,12.7802,
2009-06-02 18:00:00,12.8001,
2009-06-02 21:00:00,20.5832,
2009-06-03 00:00:00,27.7024,
2009-06-03 03:00:00,27.999200000000002,
2009-06-03 06:00:00,28.344700000000003,
2009-06-03 09:00:00,25.814,
2009-06-03 12:00:00,24.6215,
2009-06-03 15:00:00,23.7771,
2009-06-03 18:00:00,22.8642,
2009-06-03 21:00:00,22.0666,
2009-06-04 00:00:00,21.523400000000002,
2009-06-04 03:00:00,21.282600000000002,
2009-06-04 06:00:00,21.1185,
2009-06-04 09:00:00,20.970200000000002,
2009-06-04 12:00:00,20.8514,
2009-06-04 15:00:00,20.5863,
2009-06-04 18:00:00,20.011,
2009-06-04 21:00:00,19.421400000000002,
2009-06-05 00:00:00,19.0566,
2009-06-05 03:00:00,18.9646,
2009-06-05 06:00:00,18.9237,
2009-06-05 09:00:00,18.889,
2009-06-05 12:00:00,18.855800000000002,
2009-06-05 15:00:00,18.6755,
2009-06-05 18:00:00,18.2226,
2009-06-05 21:00:00,17.701800000000002,
2009-06-06 00:00:00,17.3506,
2009-06-06 03:00:00,17.2602,
2009-06-06 06:00:00,17.208900390625,
2009-06-06 09:00:00,17.163800000000002,
2009-06-06 12:00:00,17.113800390625002,
2009-06-06 15:00:00,16.9023,
2009-06-06 18:00:00,16.4926,
2009-06-06 21:00:00,16.0534,
2009-06-07 00:00:00,15.7637,
2009-06-07 03:00:00,15.6973,
2009-06-07 06:00:00,15.666,
2009-06-07 09:00:00,15.6385,
2009-06-07 12:00:00,15.602000390625001,
2009-06-07 15:00:00,15.4265,
2009-06-07 18:00:00,15.152800000000001,
2009-06-07 21:00:00,14.8743,
2009-06-08 00:00:00,14.6783,
2009-06-08 03:00:00,14.619800000000001,
2009-06-08 06:00:00,14.602100390625,
2009-06-08 09:00:00,14.5961,
2009-06-08 12:00:00,14.5892,
2009-06-08 15:00:00,14.5313,
2009-06-08 18:00:00,14.3831,
2009-06-08 21:00:00,14.1887,
2009-06-09 00:00:00,14.0607,
2009-06-09 03:00:00,14.0342,
2009-06-09 06:00:00,14.0244,
2009-06-09 09:00:00,16.492,
2009-06-09 12:00:00,19.473200000000002,
2009-06-09 15:00:00,21.255200000000002,
2009-06-09 18:00:00,22.5439,
2009-06-09 21:00:00,21.9398,
2009-06-10 00:00:00,21.3318,
2009-06-10 03:00:00,21.114900000000002,
2009-06-10 06:00:00,20.9779,
2009-06-10 09:00:00,21.1519,
2009-06-10 12:00:00,21.393,
2009-06-10 15:00:00,21.3974,
2009-06-10 18:00:00,21.3381,
2009-06-10 21:00:00,22.4253,
2009-06-11 00:00:00,23.566000000000003,
2009-06-11 03:00:00,22.988200390625,
2009-06-11 06:00:00,22.5513,
2009-06-11 09:00:00,22.2517,
2009-06-11 12:00:00,22.0136,
2009-06-11 15:00:00,21.758000390625,
2009-06-11 18:00:00,21.3914,
2009-06-11 21:00:00,20.8186,
2009-06-12 00:00:00,20.3569,
2009-06-12 03:00:00,20.1872,
2009-06-12 06:00:00,20.0704,
2009-06-12 09:00:00,20.315,
2009-06-12 12:00:00,20.5547,
2009-06-12 15:00:00,20.585800000000003,
2009-06-12 18:00:00,20.353700390625,
2009-06-12 21:00:00,20.2176,
2009-06-13 00:00:00,20.252800390625,
2009-06-13 03:00:00,20.094300390625,
2009-06-13 06:00:00,19.9859,
2009-06-13 09:00:00,19.8947,
2009-06-13 12:00:00,19.819400390625002,
2009-06-13 15:00:00,19.5825,
2009-06-13 18:00:00,19.1,
2009-06-13 21:00:00,18.5608,
2009-06-14 00:00:00,18.279,
2009-06-14 03:00:00,19.579900000000002,
2009-06-14 06:00:00,21.3797,
2009-06-14 09:00:00,25.293400390625003,
2009-06-14 12:00:00,27.7773,
2009-06-14 15:00:00,25.704600000000003,
2009-06-14 18:00:00,24.3142,
2009-06-14 21:00:00,23.554100000000002,
2009-06-15 00:00:00,23.093500000000002,
2009-06-15 03:00:00,22.9617,
2009-06-15 06:00:00,22.8929,
2009-06-15 09:00:00,22.863,
2009-06-15 12:00:00,23.0393,
2009-06-15 15:00:00,22.6783,
2009-06-15 18:00:00,21.928700000000003,
2009-06-15 21:00:00,21.096700000000002,
2009-06-16 00:00:00,20.660500390625,
2009-06-16 03:00:00,20.541700000000002,
2009-06-16 06:00:00,20.498800390625,
2009-06-16 09:00:00,20.4673,
2009-06-16 12:00:00,20.4392,
2009-06-16 15:00:00,20.217100000000002,
2009-06-16 18:00:00,19.685100000000002,
2009-06-16 21:00:00,19.0946,
2009-06-17 00:00:00,18.6976,
2009-06-17 03:00:00,18.612000000000002,
2009-06-17 06:00:00,18.5778,
2009-06-17 09:00:00,18.554100000000002,
2009-06-17 12:00:00,18.538600000000002,
2009-06-17 15:00:00,18.355900000000002,
2009-06-17 18:00:00,17.9175,
2009-06-17 21:00:00,17.4751,
2009-06-18 00:00:00,17.1983,
2009-06-18 03:00:00,17.107,
2009-06-18 06:00:00,17.0335,
2009-06-18 09:00:00,16.9752,
2009-06-18 12:00:00,16.926100390625002,
2009-06-18 15:00:00,16.7635,
2009-06-18 18:00:00,16.5085,
2009-06-18 21:00:00,18.8475,
2009-06-19 00:00:00,21.9739,
2009-06-19 03:00:00,21.7578,
2009-06-19 06:00:00,21.549300000000002,
2009-06-19 09:00:00,21.354300000000002,
2009-06-19 12:00:00,21.2026,
2009-06-19 15:00:00,20.8402,
2009-06-19 18:00:00,20.321,
2009-06-19 21:00:00,19.765,
2009-06-20 00:00:00,19.396800000000002,
2009-06-20 03:00:00,19.3932,
2009-06-20 06:00:00,19.440800390625,
2009-06-20 09:00:00,19.5352,
2009-06-20 12:00:00,19.6175,
2009-06-20 15:00:00,21.817800000000002,
2009-06-20 18:00:00,23.6578,
2009-06-20 21:00:00,23.828500000000002,
2009-06-21 00:00:00,24.1798,
2009-06-21 03:00:00,23.5655,
2009-06-21 06:00:00,23.1126,
2009-06-21 09:00:00,22.752100000000002,
2009-06-21 12:00:00,22.4559,
2009-06-21 15:00:00,22.0177,
2009-06-21 18:00:00,21.2052,
2009-06-21 21:00:00,20.383200000000002,
2009-06-22 00:00:00,19.8503,
2009-06-22 03:00:00,19.7056,
2009-06-22 06:00:00,19.6223,
2009-06-22 09:00:00,19.5543,
2009-06-22 12:00:00,19.4949,
2009-06-22 15:00:00,19.224800000000002,
2009-06-22 18:00:00,18.669600000000003,
2009-06-22 21:00:00,18.1049,
2009-06-23 00:00:00,17.7411,
2009-06-23 03:00:00,17.6489,
2009-06-23 06:00:00,17.607300000000002,
2009-06-23 09:00:00,17.581300000000002,
2009-06-23 12:00:00,17.5563,
2009-06-23 15:00:00,17.3729,
2009-06-23 18:00:00,16.9709,
2009-06-23 21:00:00,16.539,
2009-06-24 00:00:00,16.2652,
2009-06-24 03:00:00,16.220200000000002,
2009-06-24 06:00:00,16.2068,
2009-06-24 09:00:00,16.1886,
2009-06-24 12:00:00,16.1723,
2009-06-24 15:00:00,16.3453,
2009-06-24 18:00:00,16.3309,
2009-06-24 21:00:00,15.9611,
2009-06-25 00:00:00,15.738900000000001,
2009-06-25 03:00:00,15.737300000000001,
2009-06-25 06:00:00,15.771900390625001,
2009-06-25 09:00:00,15.762300000000002,
2009-06-25 12:00:00,15.7505,
2009-06-25 15:00:00,15.603800000000001,
2009-06-25 18:00:00,15.2926,
2009-06-25 21:00:00,14.961300390625,
2009-06-26 00:00:00,14.725900000000001,
2009-06-26 03:00:00,14.6681,
2009-06-26 06:00:00,14.6536,
2009-06-26 09:00:00,14.640400000000001,
2009-06-26 12:00:00,14.625100000000002,
2009-06-26 15:00:00,14.492700000000001,
2009-06-26 18:00:00,14.2199,
2009-06-26 21:00:00,13.928700000000001,
2009-06-27 00:00:00,13.718900000000001,
2009-06-27 03:00:00,13.6576,
2009-06-27 06:00:00,13.6285,
2009-06-27 09:00:00,13.8381,
2009-06-27 12:00:00,14.056000000000001,
2009-06-27 15:00:00,15.1536,
2009-06-27 18:00:00,16.1219,
2009-06-27 21:00:00,15.7347,
2009-06-28 00:00:00,15.4945,
2009-06-28 03:00:00,15.436200390625,
2009-06-28 06:00:00,15.4246,
2009-06-28 09:00:00,15.419400000000001,
2009-06-28 12:00:00,15.4135,
2009-06-28 15:00:00,15.286200000000001,
2009-06-28 18:00:00,14.975800000000001,
2009-06-28 21:00:00,14.6326,
2009-06-29 00:00:00,14.4036,
2009-06-29 03:00:00,14.3567,
2009-06-29 06:00:00,14.3369,
2009-06-29 09:00:00,14.319600000000001,
2009-06-29 12:00:00,14.294400000000001,
2009-06-29 15:00:00,14.1426,
2009-06-29 18:00:00,13.8642,
2009-06-29 21:00:00,13.581000000000001,
2009-06-30 00:00:00,14.578000000000001,
2009-06-30 03:00:00,14.544300000000002,
2009-06-30 06:00:00,14.533000000000001,
2009-06-30 09:00:00,14.523800000000001,
2009-06-30 12:00:00,14.519300000000001,
2009-06-30 15:00:00,14.414900000000001,
2009-06-30 18:00:00,14.1548,
2009-06-30 21:00:00,13.849200000000002,
2009-07-01 00:00:00,13.640400000000001,
2009-07-01 03:00:00,13.6003,
2009-07-01 06:00:00,13.5905,
2009-07-01 09:00:00,13.5861,
2009-07-01 12:00:00,13.5838,
2009-07-01 15:00:00,13.4985,
2009-07-01 18:00:00,13.2736,
2009-07-01 21:00:00,13.020700000000001,
2009-07-02 00:00:00,12.845500000000001,
2009-07-02 03:00:00,12.8054,
2009-07-02 06:00:00,12.792300000000001,
2009-07-02 09:00:00,12.783000000000001,
2009-07-02 12:00:00,12.7728,
2009-07-02 15:00:00,12.6963,
2009-07-02 18:00:00,12.536900000000001,
2009-07-02 21:00:00,12.341700000000001,
2009-07-03 00:00:00,12.198400000000001,
2009-07-03 03:00:00,12.1655,
2009-07-03 06:00:00,12.154100000000001,
2009-07-03 09:00:00,12.149600000000001,
2009-07-03 12:00:00,12.146500000000001,
2009-07-03 15:00:00,12.066,
2009-07-03 18:00:00,11.890600000000001,
2009-07-03 21:00:00,11.7202,
2009-07-04 00:00:00,11.617700000000001,
2009-07-04 03:00:00,12.2199,
2009-07-04 06:00:00,13.0829,
2009-07-04 09:00:00,15.0736,
2009-07-04 12:00:00,17.0666,
2009-07-04 15:00:00,16.9629,
2009-07-04 18:00:00,16.51,
2009-07-04 21:00:00,15.966000000000001,
2009-07-05 00:00:00,15.6171,
2009-07-05 03:00:00,15.5395,
2009-07-05 06:00:00,15.5114,
2009-07-05 09:00:00,15.4909,
2009-07-05 12:00:00,15.4688,
2009-07-05 15:00:00,15.370800000000001,
2009-07-05 18:00:00,15.177000000000001,
2009-07-05 21:00:00,14.950600000000001,
2009-07-06 00:00:00,14.749,
2009-07-06 03:00:00,14.701,
2009-07-06 06:00:00,14.6881,
2009-07-06 09:00:00,14.6804,
2009-07-06 12:00:00,14.6782,
2009-07-06 15:00:00,14.579400000000001,
2009-07-06 18:00:00,14.2872,
2009-07-06 21:00:00,13.9352,
2009-07-07 00:00:00,13.7039,
2009-07-07 03:00:00,13.659,
2009-07-07 06:00:00,13.6461,
2009-07-07 09:00:00,13.648800000000001,
2009-07-07 12:00:00,13.6498,
2009-07-07 15:00:00,14.9053,
2009-07-07 18:00:00,16.0019,
2009-07-07 21:00:00,15.5731,
2009-07-08 00:00:00,15.228200000000001,
2009-07-08 03:00:00,15.1514,
2009-07-08 06:00:00,15.124400000000001,
2009-07-08 09:00:00,15.1044,
2009-07-08 12:00:00,15.088600000000001,
2009-07-08 15:00:00,14.9556,
2009-07-08 18:00:00,14.586,
2009-07-08 21:00:00,14.165000000000001,
2009-07-09 00:00:00,13.882100000000001,
2009-07-09 03:00:00,13.8175,
2009-07-09 06:00:00,13.792800000000002,
2009-07-09 09:00:00,13.771500000000001,
2009-07-09 12:00:00,13.7531,
2009-07-09 15:00:00,13.6135,
2009-07-09 18:00:00,13.311,
2009-07-09 21:00:00,12.9886,
2009-07-10 00:00:00,12.777000000000001,
2009-07-10 03:00:00,12.735000390625,
2009-07-10 06:00:00,12.7257,
2009-07-10 09:00:00,12.712300390625,
2009-07-10 12:00:00,12.701,
2009-07-10 15:00:00,12.6539,
2009-07-10 18:00:00,12.5523,
2009-07-10 21:00:00,12.3832,
2009-07-11 00:00:00,12.221400000000001,
2009-07-11 03:00:00,12.238800000000001,
2009-07-11 06:00:00,12.280800000000001,
2009-07-11 09:00:00,12.5738,
2009-07-11 12:00:00,12.8693,
2009-07-11 15:00:00,12.8492,
2009-07-11 18:00:00,12.658800000000001,
2009-07-11 21:00:00,12.4915,
2009-07-12 00:00:00,12.342500390625,
2009-07-12 03:00:00,12.304400000000001,
2009-07-12 06:00:00,12.2972,
2009-07-12 09:00:00,12.291,
2009-07-12 12:00:00,12.283100000000001,
2009-07-12 15:00:00,12.1944,
2009-07-12 18:00:00,11.964900390625,
2009-07-12 21:00:00,11.728900390625,
2009-07-13 00:00:00,11.568100000000001,
2009-07-13 03:00:00,11.5291,
2009-07-13 06:00:00,11.5191,
2009-07-13 09:00:00,11.5114,
2009-07-13 12:00:00,11.505600000000001,
2009-07-13 15:00:00,11.4364,
2009-07-13 18:00:00,11.253200000000001,
2009-07-13 21:00:00,11.0516,
2009-07-14 00:00:00,10.9186,
2009-07-14 03:00:00,10.892000000000001,
2009-07-14 06:00:00,10.8853,
2009-07-14 09:00:00,10.881400000000001,
2009-07-14 12:00:00,10.875,
2009-07-14 15:00:00,10.8009,
2009-07-14 18:00:00,10.641300000000001,
2009-07-14 21:00:00,10.498000000000001,
2009-07-15 00:00:00,10.420300000000001,
2009-07-15 03:00:00,10.5809,
2009-07-15 06:00:00,10.748700000000001,
2009-07-15 09:00:00,10.7455,
2009-07-15 12:00:00,10.738900000000001,
2009-07-15 15:00:00,10.6949,
2009-07-15 18:00:00,10.5837,
2009-07-15 21:00:00,10.5172,
2009-07-16 00:00:00,10.485100000000001,
2009-07-16 03:00:00,10.9114,
2009-07-16 06:00:00,11.418700000000001,
2009-07-16 09:00:00,11.4168,
2009-07-16 12:00:00,11.4146,
2009-07-16 15:00:00,11.3773,
2009-07-16 18:00:00,11.206100000000001,
2009-07-16 21:00:00,11.0005,
2009-07-17 00:00:00,10.8571,
2009-07-17 03:00:00,10.833,
2009-07-17 06:00:00,10.8299,
2009-07-17 09:00:00,10.8278,
2009-07-17 12:00:00,10.8299,
2009-07-17 15:00:00,10.802200000000001,
2009-07-17 18:00:00,10.701400000000001,
2009-07-17 21:00:00,10.5754,
2009-07-18 00:00:00,10.4922,
2009-07-18 03:00:00,10.4769,
2009-07-18 06:00:00,10.4763,
2009-07-18 09:00:00,10.475800000000001,
2009-07-18 12:00:00,10.477300000000001,
2009-07-18 15:00:00,10.442300000000001,
2009-07-18 18:00:00,10.3088,
2009-07-18 21:00:00,10.1446,
2009-07-19 00:00:00,10.0365,
2009-07-19 03:00:00,10.0187,
2009-07-19 06:00:00,10.017800000000001,
2009-07-19 09:00:00,10.0168,
2009-07-19 12:00:00,10.0196,
2009-07-19 15:00:00,9.973500000000001,
2009-07-19 18:00:00,9.8439,
2009-07-19 21:00:00,9.7013,
2009-07-20 00:00:00,9.608500000000001,
2009-07-20 03:00:00,9.610800000000001,
2009-07-20 06:00:00,9.625000390625,
2009-07-20 09:00:00,9.750000390625,
2009-07-20 12:00:00,9.875,
2009-07-20 15:00:00,9.8351,
2009-07-20 18:00:00,9.7646,
2009-07-20 21:00:00,9.682,
2009-07-21 00:00:00,9.5988,
2009-07-21 03:00:00,9.7255,
2009-07-21 06:00:00,9.860200390625,
2009-07-21 09:00:00,9.990700390625001,
2009-07-21 12:00:00,10.1212,
2009-07-21 15:00:00,10.1247,
2009-07-21 18:00:00,10.0295,
2009-07-21 21:00:00,9.8703,
2009-07-22 00:00:00,9.764000390625,
2009-07-22 03:00:00,9.7482,
2009-07-22 06:00:00,9.747500390625001,
2009-07-22 09:00:00,9.746,
2009-07-22 12:00:00,9.7452,
2009-07-22 15:00:00,9.695,
2009-07-22 18:00:00,9.5638,
2009-07-22 21:00:00,9.423,
2009-07-23 00:00:00,9.332600000000001,
2009-07-23 03:00:00,9.317300000000001,
2009-07-23 06:00:00,9.3145,
2009-07-23 09:00:00,9.3124,
2009-07-23 12:00:00,9.3106,
2009-07-23 15:00:00,9.2645,
2009-07-23 18:00:00,9.1525,
2009-07-23 21:00:00,9.0357,
2009-07-24 00:00:00,8.9596,
2009-07-24 03:00:00,8.948,
2009-07-24 06:00:00,8.945400000000001,
2009-07-24 09:00:00,8.9433,
2009-07-24 12:00:00,8.9421,
2009-07-24 15:00:00,8.9025,
2009-07-24 18:00:00,8.808900000000001,
2009-07-24 21:00:00,8.714500000000001,
2009-07-25 00:00:00,8.6533,
2009-07-25 03:00:00,8.6442,
2009-07-25 06:00:00,8.6411,
2009-07-25 09:00:00,8.6401,
2009-07-25 12:00:00,8.6388,
2009-07-25 15:00:00,8.6224,
2009-07-25 18:00:00,8.5792,
2009-07-25 21:00:00,13.490300390625,
2009-07-26 00:00:00,19.148500000000002,
2009-07-26 03:00:00,28.529600000000002,
2009-07-26 06:00:00,30.6506,
2009-07-26 09:00:00,26.0238,
2009-07-26 12:00:00,24.5032,
2009-07-26 15:00:00,23.479000000000003,
2009-07-26 18:00:00,22.5536,
2009-07-26 21:00:00,21.366400000000002,
2009-07-27 00:00:00,20.5488,
2009-07-27 03:00:00,20.316300000000002,
2009-07-27 06:00:00,20.1153,
2009-07-27 09:00:00,19.948700000000002,
2009-07-27 12:00:00,19.805400000000002,
2009-07-27 15:00:00,19.8073,
2009-07-27 18:00:00,19.7082,
2009-07-27 21:00:00,19.1322,
2009-07-28 00:00:00,18.646,
2009-07-28 03:00:00,18.5315,
2009-07-28 06:00:00,18.476200000000002,
2009-07-28 09:00:00,18.4248,
2009-07-28 12:00:00,18.381600000000002,
2009-07-28 15:00:00,18.2228,
2009-07-28 18:00:00,17.804500390625,
2009-07-28 21:00:00,17.484500390625,
2009-07-29 00:00:00,17.254,
2009-07-29 03:00:00,17.1747,
2009-07-29 06:00:00,17.136100000000003,
2009-07-29 09:00:00,17.1097,
2009-07-29 12:00:00,17.0914,
2009-07-29 15:00:00,17.156100000000002,
2009-07-29 18:00:00,17.1138,
2009-07-29 21:00:00,16.7706,
2009-07-30 00:00:00,16.5322,
2009-07-30 03:00:00,16.4781,
2009-07-30 06:00:00,16.453500390625,
2009-07-30 09:00:00,16.4284,
2009-07-30 12:00:00,16.3943,
2009-07-30 15:00:00,16.2258,
2009-07-30 18:00:00,15.8642,
2009-07-30 21:00:00,15.5846,
2009-07-31 00:00:00,15.4129,
2009-07-31 03:00:00,15.38,
2009-07-31 06:00:00,15.3732,
2009-07-31 09:00:00,15.368400000000001,
2009-07-31 12:00:00,15.3604,
2009-07-31 15:00:00,15.2482,
2009-07-31 18:00:00,14.9146,
2009-07-31 21:00:00,14.570300000000001,
2009-08-01 00:00:00,14.327900000000001,
2009-08-01 03:00:00,18.8403,
2009-08-01 06:00:00,23.7815,
2009-08-01 09:00:00,23.329,
2009-08-01 12:00:00,23.0154,
2009-08-01 15:00:00,22.3302,
2009-08-01 18:00:00,21.2966,
2009-08-01 21:00:00,20.2814,
2009-08-02 00:00:00,19.6726,
2009-08-02 03:00:00,19.5122,
2009-08-02 06:00:00,19.377100000000002,
2009-08-02 09:00:00,19.2561,
2009-08-02 12:00:00,19.1512,
2009-08-02 15:00:00,18.869300000000003,
2009-08-02 18:00:00,18.2533,
2009-08-02 21:00:00,17.5877,
2009-08-03 00:00:00,17.1696,
2009-08-03 03:00:00,17.0703,
2009-08-03 06:00:00,17.0209,
2009-08-03 09:00:00,16.980900000000002,
2009-08-03 12:00:00,16.9454,
2009-08-03 15:00:00,16.7739,
2009-08-03 18:00:00,16.4475,
2009-08-03 21:00:00,15.937100000000001,
2009-08-04 00:00:00,15.5755,
2009-08-04 03:00:00,15.518600000000001,
2009-08-04 06:00:00,15.480300000000002,
2009-08-04 09:00:00,15.451300000000002,
2009-08-04 12:00:00,15.438400000000001,
2009-08-04 15:00:00,15.268600000000001,
2009-08-04 18:00:00,14.881400000000001,
2009-08-04 21:00:00,14.4791,
2009-08-05 00:00:00,14.228000000000002,
2009-08-05 03:00:00,14.191,
2009-08-05 06:00:00,14.1738,
2009-08-05 09:00:00,14.1623,
2009-08-05 12:00:00,14.158000000000001,
2009-08-05 15:00:00,14.070400000000001,
2009-08-05 18:00:00,13.847100000000001,
2009-08-05 21:00:00,13.5454,
2009-08-06 00:00:00,13.368100390625,
2009-08-06 03:00:00,13.3476,
2009-08-06 06:00:00,13.335600000000001,
2009-08-06 09:00:00,13.3335,
2009-08-06 12:00:00,13.3345,
2009-08-06 15:00:00,15.614400000000002,
2009-08-06 18:00:00,17.695,
2009-08-06 21:00:00,17.4116,
2009-08-07 00:00:00,17.1268,
2009-08-07 03:00:00,17.0277,
2009-08-07 06:00:00,16.954,
2009-08-07 09:00:00,16.8806,
2009-08-07 12:00:00,16.8121,
2009-08-07 15:00:00,16.527900390625,
2009-08-07 18:00:00,15.978300390625002,
2009-08-07 21:00:00,15.450300390625001,
2009-08-08 00:00:00,15.1014,
2009-08-08 03:00:00,15.010200000000001,
2009-08-08 06:00:00,14.9512,
2009-08-08 09:00:00,14.8992,
2009-08-08 12:00:00,14.8528,
2009-08-08 15:00:00,14.6349,
2009-08-08 18:00:00,14.2285,
2009-08-08 21:00:00,13.8389,
2009-08-09 00:00:00,13.5973,
2009-08-09 03:00:00,13.542300000000001,
2009-08-09 06:00:00,13.5077,
2009-08-09 09:00:00,13.4779,
2009-08-09 12:00:00,13.453000000000001,
2009-08-09 15:00:00,13.4115,
2009-08-09 18:00:00,13.2285,
2009-08-09 21:00:00,12.961,
2009-08-10 00:00:00,12.8359,
2009-08-10 03:00:00,12.972600390625,
2009-08-10 06:00:00,13.116800000000001,
2009-08-10 09:00:00,14.276900000000001,
2009-08-10 12:00:00,15.7338,
2009-08-10 15:00:00,16.4631,
2009-08-10 18:00:00,16.8439,
2009-08-10 21:00:00,16.4384,
2009-08-11 00:00:00,16.2251,
2009-08-11 03:00:00,16.195600000000002,
2009-08-11 06:00:00,16.1963,
2009-08-11 09:00:00,16.1925,
2009-08-11 12:00:00,16.1947,
2009-08-11 15:00:00,16.0913,
2009-08-11 18:00:00,15.6409,
2009-08-11 21:00:00,15.115300000000001,
2009-08-12 00:00:00,14.7901,
2009-08-12 03:00:00,14.74,
2009-08-12 06:00:00,14.7209,
2009-08-12 09:00:00,14.709100000000001,
2009-08-12 12:00:00,14.700800000000001,
2009-08-12 15:00:00,14.5662,
2009-08-12 18:00:00,14.1734,
2009-08-12 21:00:00,13.747,
2009-08-13 00:00:00,13.4838,
2009-08-13 03:00:00,13.441400390625,
2009-08-13 06:00:00,13.418600390625,
2009-08-13 09:00:00,13.5091,
2009-08-13 12:00:00,13.605500000000001,
2009-08-13 15:00:00,13.481300000000001,
2009-08-13 18:00:00,13.157300000000001,
2009-08-13 21:00:00,12.8125,
2009-08-14 00:00:00,12.6044,
2009-08-14 03:00:00,12.575800000000001,
2009-08-14 06:00:00,12.5625,
2009-08-14 09:00:00,12.552100000000001,
2009-08-14 12:00:00,12.5426,
2009-08-14 15:00:00,12.4624,
2009-08-14 18:00:00,12.265600000000001,
2009-08-14 21:00:00,12.4184,
2009-08-15 00:00:00,12.649600000000001,
2009-08-15 03:00:00,12.898000000000001,
2009-08-15 06:00:00,13.1492,
2009-08-15 09:00:00,16.254600390625,
2009-08-15 12:00:00,19.5526,
2009-08-15 15:00:00,19.778000000000002,
2009-08-15 18:00:00,19.778000000000002,
2009-08-15 21:00:00,19.4036,
2009-08-16 00:00:00,19.082800000000002,
2009-08-16 03:00:00,18.8746,
2009-08-16 06:00:00,18.7101,
2009-08-16 09:00:00,18.55,
2009-08-16 12:00:00,18.425900000000002,
2009-08-16 15:00:00,18.1168,
2009-08-16 18:00:00,17.6344,
2009-08-16 21:00:00,16.935200000000002,
2009-08-17 00:00:00,16.4064,
2009-08-17 03:00:00,16.315900390625,
2009-08-17 06:00:00,16.2709,
2009-08-17 09:00:00,16.709600000000002,
2009-08-17 12:00:00,17.5009,
2009-08-17 15:00:00,18.491900390625002,
2009-08-17 18:00:00,19.290300390625,
2009-08-17 21:00:00,19.155100390625,
2009-08-18 00:00:00,19.012700390625,
2009-08-18 03:00:00,19.1047,
2009-08-18 06:00:00,19.3381,
2009-08-18 09:00:00,29.8258,
2009-08-18 12:00:00,31.87,
2009-08-18 15:00:00,27.3474,
2009-08-18 18:00:00,25.853,
2009-08-18 21:00:00,24.331100000000003,
2009-08-19 00:00:00,23.2707,
2009-08-19 03:00:00,23.027800000000003,
2009-08-19 06:00:00,22.8615,
2009-08-19 09:00:00,22.6246,
2009-08-19 12:00:00,22.422700000000003,
2009-08-19 15:00:00,22.136000000000003,
2009-08-19 18:00:00,21.647000000000002,
2009-08-19 21:00:00,20.885,
2009-08-20 00:00:00,20.3141,
2009-08-20 03:00:00,20.215300000000003,
2009-08-20 06:00:00,20.142400000000002,
2009-08-20 09:00:00,20.086800390625,
2009-08-20 12:00:00,20.0301,
2009-08-20 15:00:00,19.845200000000002,
2009-08-20 18:00:00,19.482,
2009-08-20 21:00:00,18.8964,
2009-08-21 00:00:00,18.454,
2009-08-21 03:00:00,18.3995,
2009-08-21 06:00:00,18.3842,
2009-08-21 09:00:00,18.3751,
2009-08-21 12:00:00,18.3671,
2009-08-21 15:00:00,18.2623,
2009-08-21 18:00:00,18.000700000000002,
2009-08-21 21:00:00,17.5415,
2009-08-22 00:00:00,17.1952,
2009-08-22 03:00:00,17.153100000000002,
2009-08-22 06:00:00,17.1342,
2009-08-22 09:00:00,17.1265,
2009-08-22 12:00:00,17.1273,
2009-08-22 15:00:00,17.0527,
2009-08-22 18:00:00,16.8394,
2009-08-22 21:00:00,16.4601,
2009-08-23 00:00:00,16.1776,
2009-08-23 03:00:00,16.1498,
2009-08-23 06:00:00,16.1396,
2009-08-23 09:00:00,16.1308,
2009-08-23 12:00:00,16.119400000000002,
2009-08-23 15:00:00,16.0305,
2009-08-23 18:00:00,15.844100000000001,
2009-08-23 21:00:00,15.5257,
2009-08-24 00:00:00,15.310500000000001,
2009-08-24 03:00:00,15.289100000000001,
2009-08-24 06:00:00,15.2832,
2009-08-24 09:00:00,15.2803,
2009-08-24 12:00:00,15.280700000000001,
2009-08-24 15:00:00,15.1974,
2009-08-24 18:00:00,14.9222,
2009-08-24 21:00:00,14.6006,
2009-08-25 00:00:00,14.398200000000001,
2009-08-25 03:00:00,14.364,
2009-08-25 06:00:00,14.346300000000001,
2009-08-25 09:00:00,14.334000000000001,
2009-08-25 12:00:00,14.3346,
2009-08-25 15:00:00,14.2697,
2009-08-25 18:00:00,14.0433,
2009-08-25 21:00:00,13.8922,
2009-08-26 00:00:00,13.865,
2009-08-26 03:00:00,14.1913,
2009-08-26 06:00:00,14.5706,
2009-08-26 09:00:00,14.5897,
2009-08-26 12:00:00,14.6057,
2009-08-26 15:00:00,14.5913,
2009-08-26 18:00:00,14.5089,
2009-08-26 21:00:00,14.3689,
2009-08-27 00:00:00,14.2577,
2009-08-27 03:00:00,14.253200000000001,
2009-08-27 06:00:00,14.254100000000001,
2009-08-27 09:00:00,14.342,
2009-08-27 12:00:00,14.4243,
2009-08-27 15:00:00,14.4046,
2009-08-27 18:00:00,14.2161,
2009-08-27 21:00:00,13.941900390625001,
2009-08-28 00:00:00,13.786900000000001,
2009-08-28 03:00:00,13.780100000000001,
2009-08-28 06:00:00,13.7803,
2009-08-28 09:00:00,13.791500000000001,
2009-08-28 12:00:00,13.8107,
2009-08-28 15:00:00,13.7658,
2009-08-28 18:00:00,13.5594,
2009-08-28 21:00:00,13.3042,
2009-08-29 00:00:00,13.1546,
2009-08-29 03:00:00,13.1449,
2009-08-29 06:00:00,13.1456,
2009-08-29 09:00:00,13.1571,
2009-08-29 12:00:00,13.176200000000001,
2009-08-29 15:00:00,13.1431,
2009-08-29 18:00:00,13.010900000000001,
2009-08-29 21:00:00,12.8244,
2009-08-30 00:00:00,12.7123,
2009-08-30 03:00:00,12.7033,
2009-08-30 06:00:00,12.7013,
2009-08-30 09:00:00,12.7059,
2009-08-30 12:00:00,12.715100000000001,
2009-08-30 15:00:00,12.683100000000001,
2009-08-30 18:00:00,12.543800000000001,
2009-08-30 21:00:00,12.3702,
2009-08-31 00:00:00,12.2673,
2009-08-31 03:00:00,12.2598,
2009-08-31 06:00:00,12.2574,
2009-08-31 09:00:00,12.279900000000001,
2009-08-31 12:00:00,12.3045,
2009-08-31 15:00:00,12.2924,
2009-08-31 18:00:00,12.2504,
2009-08-31 21:00:00,12.135,
2009-09-01 00:00:00,12.0538,
2009-09-01 03:00:00,12.0463,
2009-09-01 06:00:00,12.042800390625,
2009-09-01 09:00:00,12.0404,
2009-09-01 12:00:00,12.0381,
2009-09-01 15:00:00,12.0839,
2009-09-01 18:00:00,12.0409,
2009-09-01 21:00:00,11.878100390625,
2009-09-02 00:00:00,11.799000000000001,
2009-09-02 03:00:00,11.7941,
2009-09-02 06:00:00,11.7934,
2009-09-02 09:00:00,11.8132,
2009-09-02 12:00:00,11.854000000000001,
2009-09-02 15:00:00,11.838700390625,
2009-09-02 18:00:00,11.7268,
2009-09-02 21:00:00,11.5809,
2009-09-03 00:00:00,11.502,
2009-09-03 03:00:00,11.498700000000001,
2009-09-03 06:00:00,11.498700000000001,
2009-09-03 09:00:00,11.4992,
2009-09-03 12:00:00,11.5001,
2009-09-03 15:00:00,11.4849,
2009-09-03 18:00:00,11.3672,
2009-09-03 21:00:00,11.2112,
2009-09-04 00:00:00,11.1288,
2009-09-04 03:00:00,11.1232,
2009-09-04 06:00:00,11.121500000000001,
2009-09-04 09:00:00,11.1361,
2009-09-04 12:00:00,11.155800390625,
2009-09-04 15:00:00,11.1508,
2009-09-04 18:00:00,11.1042,
2009-09-04 21:00:00,11.033800000000001,
2009-09-05 00:00:00,10.982700000000001,
2009-09-05 03:00:00,10.979700000000001,
2009-09-05 06:00:00,10.983400000000001,
2009-09-05 09:00:00,10.9936,
2009-09-05 12:00:00,10.9947,
2009-09-05 15:00:00,10.988000000000001,
2009-09-05 18:00:00,10.9398,
2009-09-05 21:00:00,10.8522,
2009-09-06 00:00:00,10.7919,
2009-09-06 03:00:00,10.7881,
2009-09-06 06:00:00,10.7951,
2009-09-06 09:00:00,10.8339,
2009-09-06 12:00:00,10.873100390625,
2009-09-06 15:00:00,10.8666,
2009-09-06 18:00:00,10.785,
2009-09-06 21:00:00,10.669,
2009-09-07 00:00:00,10.6018,
2009-09-07 03:00:00,10.597000000000001,
2009-09-07 06:00:00,10.5957,
2009-09-07 09:00:00,10.5944,
2009-09-07 12:00:00,10.594100000000001,
2009-09-07 15:00:00,10.578100000000001,
2009-09-07 18:00:00,10.4989,
2009-09-07 21:00:00,10.398100000000001,
2009-09-08 00:00:00,10.3468,
2009-09-08 03:00:00,12.8892,
2009-09-08 06:00:00,15.9197,
2009-09-08 09:00:00,16.4509,
2009-09-08 12:00:00,16.979100000000003,
2009-09-08 15:00:00,16.9102,
2009-09-08 18:00:00,16.711000000000002,
2009-09-08 21:00:00,16.386400000000002,
2009-09-09 00:00:00,16.1403,
2009-09-09 03:00:00,16.2957,
2009-09-09 06:00:00,16.4688,
2009-09-09 09:00:00,17.3823,
2009-09-09 12:00:00,18.4437,
2009-09-09 15:00:00,18.500600000000002,
2009-09-09 18:00:00,18.480700000000002,
2009-09-09 21:00:00,18.247700000000002,
2009-09-10 00:00:00,17.9972,
2009-09-10 03:00:00,17.9049,
2009-09-10 06:00:00,17.837500390625,
2009-09-10 09:00:00,17.7973,
2009-09-10 12:00:00,17.7636,
2009-09-10 15:00:00,17.7147,
2009-09-10 18:00:00,17.5827,
2009-09-10 21:00:00,17.1122,
2009-09-11 00:00:00,16.813000000000002,
2009-09-11 03:00:00,16.7636,
2009-09-11 06:00:00,16.744600000000002,
2009-09-11 09:00:00,16.759900000000002,
2009-09-11 12:00:00,16.7686,
2009-09-11 15:00:00,16.761300390625,
2009-09-11 18:00:00,16.651700390625003,
2009-09-11 21:00:00,16.730100390625,
2009-09-12 00:00:00,16.886100390625,
2009-09-12 03:00:00,17.9588,
2009-09-12 06:00:00,19.3856,
2009-09-12 09:00:00,22.2859,
2009-09-12 12:00:00,24.5092,
2009-09-12 15:00:00,23.9339,
2009-09-12 18:00:00,23.3043,
2009-09-12 21:00:00,22.461100000000002,
2009-09-13 00:00:00,21.9507,
2009-09-13 03:00:00,21.630000000000003,
2009-09-13 06:00:00,21.3782,
2009-09-13 09:00:00,21.0819,
2009-09-13 12:00:00,20.8311,
2009-09-13 15:00:00,20.6718,
2009-09-13 18:00:00,20.3758,
2009-09-13 21:00:00,19.9766,
2009-09-14 00:00:00,19.7375,
2009-09-14 03:00:00,19.5976,
2009-09-14 06:00:00,19.4827,
2009-09-14 09:00:00,19.3834,
2009-09-14 12:00:00,19.2906,
2009-09-14 15:00:00,19.145,
2009-09-14 18:00:00,18.828200000000002,
2009-09-14 21:00:00,18.453,
2009-09-15 00:00:00,18.2194,
2009-09-15 03:00:00,18.165300000000002,
2009-09-15 06:00:00,18.128800000000002,
2009-09-15 09:00:00,18.1624,
2009-09-15 12:00:00,18.185000000000002,
2009-09-15 15:00:00,18.105800000000002,
2009-09-15 18:00:00,17.917,
2009-09-15 21:00:00,17.6626,
2009-09-16 00:00:00,17.4674,
2009-09-16 03:00:00,17.4231,
2009-09-16 06:00:00,17.3872,
2009-09-16 09:00:00,17.354,
2009-09-16 12:00:00,17.3201,
2009-09-16 15:00:00,17.2601,
2009-09-16 18:00:00,17.0792,
2009-09-16 21:00:00,16.8312,
2009-09-17 00:00:00,16.671,
2009-09-17 03:00:00,16.6342,
2009-09-17 06:00:00,16.6085,
2009-09-17 09:00:00,16.5867,
2009-09-17 12:00:00,16.5682,
2009-09-17 15:00:00,16.522100000000002,
2009-09-17 18:00:00,16.363300000000002,
2009-09-17 21:00:00,16.171300000000002,
2009-09-18 00:00:00,16.055400000000002,
2009-09-18 03:00:00,16.036,
2009-09-18 06:00:00,16.0184,
2009-09-18 09:00:00,16.007100390625002,
2009-09-18 12:00:00,15.996,
2009-09-18 15:00:00,15.959100000000001,
2009-09-18 18:00:00,15.8038,
2009-09-18 21:00:00,15.4822,
2009-09-19 00:00:00,15.254900000000001,
2009-09-19 03:00:00,15.2416,
2009-09-19 06:00:00,15.2338,
2009-09-19 09:00:00,15.2309,
2009-09-19 12:00:00,15.2363,
2009-09-19 15:00:00,15.1994,
2009-09-19 18:00:00,15.0562,
2009-09-19 21:00:00,14.7714,
2009-09-20 00:00:00,14.5691,
2009-09-20 03:00:00,14.5533,
2009-09-20 06:00:00,14.543000000000001,
2009-09-20 09:00:00,14.5332,
2009-09-20 12:00:00,14.5229,
2009-09-20 15:00:00,14.4981,
2009-09-20 18:00:00,14.4084,
2009-09-20 21:00:00,14.1324,
2009-09-21 00:00:00,13.927500390625001,
2009-09-21 03:00:00,13.906500000000001,
2009-09-21 06:00:00,13.8884,
2009-09-21 09:00:00,18.828500000000002,
2009-09-21 12:00:00,23.9268,
2009-09-21 15:00:00,23.0748,
2009-09-21 18:00:00,22.3045,
2009-09-21 21:00:00,21.241400000000002,
2009-09-22 00:00:00,20.5166,
2009-09-22 03:00:00,20.2586,
2009-09-22 06:00:00,20.032,
2009-09-22 09:00:00,19.8491,
2009-09-22 12:00:00,19.6938,
2009-09-22 15:00:00,19.4633,
2009-09-22 18:00:00,19.0969,
2009-09-22 21:00:00,18.7377,
2009-09-23 00:00:00,18.4721,
2009-09-23 03:00:00,18.3921,
2009-09-23 06:00:00,18.323900000000002,
2009-09-23 09:00:00,18.290300000000002,
2009-09-23 12:00:00,18.261100000000003,
2009-09-23 15:00:00,18.2056,
2009-09-23 18:00:00,18.0696,
2009-09-23 21:00:00,17.898400000000002,
2009-09-24 00:00:00,17.759900000000002,
2009-09-24 03:00:00,17.7191,
2009-09-24 06:00:00,17.6869,
2009-09-24 09:00:00,17.6861,
2009-09-24 12:00:00,17.6856,
2009-09-24 15:00:00,17.6253,
2009-09-24 18:00:00,17.4405,
2009-09-24 21:00:00,17.133200000000002,
2009-09-25 00:00:00,16.9276,
2009-09-25 03:00:00,16.9023,
2009-09-25 06:00:00,16.8805,
2009-09-25 09:00:00,16.918,
2009-09-25 12:00:00,16.9614,
2009-09-25 15:00:00,17.3628,
2009-09-25 18:00:00,17.7364,
2009-09-25 21:00:00,19.534000000000002,
2009-09-26 00:00:00,21.1763,
2009-09-26 03:00:00,21.009,
2009-09-26 06:00:00,20.866400000000002,
2009-09-26 09:00:00,20.649800000000003,
2009-09-26 12:00:00,20.4559,
2009-09-26 15:00:00,20.2542,
2009-09-26 18:00:00,19.965400000000002,
2009-09-26 21:00:00,19.367800000000003,
2009-09-27 00:00:00,18.963800000000003,
2009-09-27 03:00:00,18.883000000000003,
2009-09-27 06:00:00,18.8001,
2009-09-27 09:00:00,18.7104,
2009-09-27 12:00:00,18.6086,
2009-09-27 15:00:00,18.4073,
2009-09-27 18:00:00,18.0497,
2009-09-27 21:00:00,17.496100000000002,
2009-09-28 00:00:00,17.1121,
2009-09-28 03:00:00,17.0409,
2009-09-28 06:00:00,16.974500000000003,
2009-09-28 09:00:00,16.9248,
2009-09-28 12:00:00,16.872400000000003,
2009-09-28 15:00:00,16.756,
2009-09-28 18:00:00,16.531200000000002,
2009-09-28 21:00:00,16.1823,
2009-09-29 00:00:00,15.9479,
2009-09-29 03:00:00,15.9311,
2009-09-29 06:00:00,15.9182,
2009-09-29 09:00:00,15.9063,
2009-09-29 12:00:00,15.8963,
2009-09-29 15:00:00,15.843,
2009-09-29 18:00:00,15.671000000000001,
2009-09-29 21:00:00,15.3678,
2009-09-30 00:00:00,15.159,
2009-09-30 03:00:00,15.1317,
2009-09-30 06:00:00,15.0981,
2009-09-30 09:00:00,15.0663,
2009-09-30 12:00:00,15.038200000000002,
2009-09-30 15:00:00,15.000200000000001,
2009-09-30 18:00:00,14.897,
2009-09-30 21:00:00,14.6546,
2009-10-01 00:00:00,14.419300000000002,
2009-10-01 03:00:00,14.3857,
2009-10-01 06:00:00,14.3505,
2009-10-01 09:00:00,14.3291,
2009-10-01 12:00:00,14.2895,
2009-10-01 15:00:00,14.1986,
2009-10-01 18:00:00,14.0394,
2009-10-01 21:00:00,13.8162,
2009-10-02 00:00:00,13.665700000000001,
2009-10-02 03:00:00,13.650500000000001,
2009-10-02 06:00:00,13.647300000000001,
2009-10-02 09:00:00,13.6386,
2009-10-02 12:00:00,13.6278,
2009-10-02 15:00:00,13.584000000000001,
2009-10-02 18:00:00,13.469500390625,
2009-10-02 21:00:00,13.283900390625,
2009-10-03 00:00:00,13.156700390625002,
2009-10-03 03:00:00,13.147100390625,
2009-10-03 06:00:00,13.1407,
2009-10-03 09:00:00,13.1347,
2009-10-03 12:00:00,13.134500000000001,
2009-10-03 15:00:00,13.117200390625001,
2009-10-03 18:00:00,13.046700000000001,
2009-10-03 21:00:00,12.903500000000001,
2009-10-04 00:00:00,12.805100000000001,
2009-10-04 03:00:00,12.7979,
2009-10-04 06:00:00,12.789100000000001,
2009-10-04 09:00:00,12.780800000000001,
2009-10-04 12:00:00,12.775100390625001,
2009-10-04 15:00:00,12.7619,
2009-10-04 18:00:00,12.7066,
2009-10-04 21:00:00,12.5786,
2009-10-05 00:00:00,12.500200000000001,
2009-10-05 03:00:00,12.5442,
2009-10-05 06:00:00,12.5898,
2009-10-05 09:00:00,12.6479,
2009-10-05 12:00:00,12.7072,
2009-10-05 15:00:00,12.7611,
2009-10-05 18:00:00,12.8123,
2009-10-05 21:00:00,12.8139,
2009-10-06 00:00:00,12.8171,
2009-10-06 03:00:00,12.876700390625,
2009-10-06 06:00:00,12.938400000000001,
2009-10-06 09:00:00,12.9817,
2009-10-06 12:00:00,13.019200390625,
2009-10-06 15:00:00,12.986500000000001,
2009-10-06 18:00:00,12.901900000000001,
2009-10-06 21:00:00,12.7619,
2009-10-07 00:00:00,12.674700000000001,
2009-10-07 03:00:00,12.672600000000001,
2009-10-07 06:00:00,12.6723,
2009-10-07 09:00:00,12.6716,
2009-10-07 12:00:00,12.665600000000001,
2009-10-07 15:00:00,12.636700000000001,
2009-10-07 18:00:00,12.589500000000001,
2009-10-07 21:00:00,13.3063,
2009-10-08 00:00:00,14.103000000000002,
2009-10-08 03:00:00,14.0942,
2009-10-08 06:00:00,14.0876,
2009-10-08 09:00:00,14.8331,
2009-10-08 12:00:00,15.732000000000001,
2009-10-08 15:00:00,16.334400000000002,
2009-10-08 18:00:00,16.8591,
2009-10-08 21:00:00,16.950300000000002,
2009-10-09 00:00:00,17.0367,
2009-10-09 03:00:00,17.046400000000002,
2009-10-09 06:00:00,17.0558,
2009-10-09 09:00:00,17.0102,
2009-10-09 12:00:00,16.9699,
2009-10-09 15:00:00,16.9234,
2009-10-09 18:00:00,16.8209,
2009-10-09 21:00:00,16.5897,
2009-10-10 00:00:00,16.4361,
2009-10-10 03:00:00,16.4074,
2009-10-10 06:00:00,16.3855,
2009-10-10 09:00:00,16.369400000000002,
2009-10-10 12:00:00,16.3425,
2009-10-10 15:00:00,16.3064,
2009-10-10 18:00:00,16.267200000000003,
2009-10-10 21:00:00,16.224800000000002,
2009-10-11 00:00:00,16.188000000000002,
2009-10-11 03:00:00,16.1596,
2009-10-11 06:00:00,16.1345,
2009-10-11 09:00:00,16.111,
2009-10-11 12:00:00,16.088900000000002,
2009-10-11 15:00:00,16.067,
2009-10-11 18:00:00,16.079700000000003,
2009-10-11 21:00:00,16.0501,
2009-10-12 00:00:00,16.0285,
2009-10-12 03:00:00,16.0245,
2009-10-12 06:00:00,16.022100000000002,
2009-10-12 09:00:00,16.0369,
2009-10-12 12:00:00,16.052500000000002,
2009-10-12 15:00:00,16.060100000000002,
2009-10-12 18:00:00,16.0576,
2009-10-12 21:00:00,15.9488,
2009-10-13 00:00:00,15.8712,
2009-10-13 03:00:00,15.973600000000001,
2009-10-13 06:00:00,16.075200000000002,
2009-10-13 09:00:00,16.313200000000002,
2009-10-13 12:00:00,16.547900000000002,
2009-10-13 15:00:00,16.974,
2009-10-13 18:00:00,17.5762,
2009-10-13 21:00:00,18.944200000000002,
2009-10-14 00:00:00,20.245,
2009-10-14 03:00:00,20.215400000000002,
2009-10-14 06:00:00,20.1898,
2009-10-14 09:00:00,20.195,
2009-10-14 12:00:00,20.2009,
2009-10-14 15:00:00,20.1582,
2009-10-14 18:00:00,20.114,
2009-10-14 21:00:00,20.01,
2009-10-15 00:00:00,19.9299,
2009-10-15 03:00:00,19.7739,
2009-10-15 06:00:00,19.631500000000003,
2009-10-15 09:00:00,19.4999,
2009-10-15 12:00:00,19.3779,
2009-10-15 15:00:00,19.2639,
2009-10-15 18:00:00,19.139100000000003,
2009-10-15 21:00:00,18.899900000000002,
2009-10-16 00:00:00,18.6886,
2009-10-16 03:00:00,18.6542,
2009-10-16 06:00:00,18.635,
2009-10-16 09:00:00,18.8227,
2009-10-16 12:00:00,19.002200000000002,
2009-10-16 15:00:00,18.9051,
2009-10-16 18:00:00,18.749000000000002,
2009-10-16 21:00:00,18.4346,
2009-10-17 00:00:00,18.2162,
2009-10-17 03:00:00,18.1609,
2009-10-17 06:00:00,18.1025,
2009-10-17 09:00:00,18.032500000000002,
2009-10-17 12:00:00,17.9679,
2009-10-17 15:00:00,17.889200000000002,
2009-10-17 18:00:00,17.7467,
2009-10-17 21:00:00,17.4987,
2009-10-18 00:00:00,17.3371,
2009-10-18 03:00:00,17.297800000000002,
2009-10-18 06:00:00,17.2578,
2009-10-18 09:00:00,17.2158,
2009-10-18 12:00:00,17.1626,
2009-10-18 15:00:00,17.0887,
2009-10-18 18:00:00,16.9358,
2009-10-18 21:00:00,16.6518,
2009-10-19 00:00:00,16.4574,
2009-10-19 03:00:00,16.4094,
2009-10-19 06:00:00,16.3629,
2009-10-19 09:00:00,16.3306,
2009-10-19 12:00:00,16.311700000000002,
2009-10-19 15:00:00,16.2731,
2009-10-19 18:00:00,16.1578,
2009-10-19 21:00:00,15.9242,
2009-10-20 00:00:00,15.7826,
2009-10-20 03:00:00,15.7642,
2009-10-20 06:00:00,15.7482,
2009-10-20 09:00:00,15.7294,
2009-10-20 12:00:00,15.710600000000001,
2009-10-20 15:00:00,15.6646,
2009-10-20 18:00:00,15.5371,
2009-10-20 21:00:00,15.308900000000001,
2009-10-21 00:00:00,15.181600000000001,
2009-10-21 03:00:00,16.2959,
2009-10-21 06:00:00,17.820700000000002,
2009-10-21 09:00:00,19.6451,
2009-10-21 12:00:00,21.370900000000002,
2009-10-21 15:00:00,23.5665,
2009-10-21 18:00:00,25.0288,
2009-10-21 21:00:00,30.6319,
2009-10-22 00:00:00,31.822200000000002,
2009-10-22 03:00:00,27.8821,
2009-10-22 06:00:00,26.722800000000003,
2009-10-22 09:00:00,26.2649,
2009-10-22 12:00:00,26.0243,
2009-10-22 15:00:00,25.720000000000002,
2009-10-22 18:00:00,25.4111,
2009-10-22 21:00:00,24.899900000000002,
2009-10-23 00:00:00,24.547900000000002,
2009-10-23 03:00:00,24.2815,
2009-10-23 06:00:00,24.067,
2009-10-23 09:00:00,23.922700000000003,
2009-10-23 12:00:00,23.790300000000002,
2009-10-23 15:00:00,23.562800000000003,
2009-10-23 18:00:00,23.2188,
2009-10-23 21:00:00,22.7908,
2009-10-24 00:00:00,22.587500000000002,
2009-10-24 03:00:00,22.5085,
2009-10-24 06:00:00,22.4406,
2009-10-24 09:00:00,22.3851,
2009-10-24 12:00:00,22.311,
2009-10-24 15:00:00,22.1778,
2009-10-24 18:00:00,21.9162,
2009-10-24 21:00:00,21.6922,
2009-10-25 00:00:00,21.5985,
2009-10-25 03:00:00,21.5665,
2009-10-25 06:00:00,21.536,
2009-10-25 09:00:00,21.51,
2009-10-25 12:00:00,21.4606,
2009-10-25 15:00:00,22.3186,
2009-10-25 18:00:00,23.2546,
2009-10-25 21:00:00,23.605800000000002,
2009-10-26 00:00:00,24.013,
2009-10-26 03:00:00,23.6962,
2009-10-26 06:00:00,23.4313,
2009-10-26 09:00:00,23.2006,
2009-10-26 12:00:00,23.0041,
2009-10-26 15:00:00,22.822100000000002,
2009-10-26 18:00:00,22.5253,
2009-10-26 21:00:00,22.1597,
2009-10-27 00:00:00,21.990000000000002,
2009-10-27 03:00:00,21.9156,
2009-10-27 06:00:00,21.843600000000002,
2009-10-27 09:00:00,21.7753,
2009-10-27 12:00:00,21.71,
2009-10-27 15:00:00,21.6176,
2009-10-27 18:00:00,21.3463,
2009-10-27 21:00:00,21.0214,
2009-10-28 00:00:00,20.872600000000002,
2009-10-28 03:00:00,20.8014,
2009-10-28 06:00:00,20.723000000000003,
2009-10-28 09:00:00,20.6611,
2009-10-28 12:00:00,20.6229,
2009-10-28 15:00:00,20.5994,
2009-10-28 18:00:00,20.5161,
2009-10-28 21:00:00,21.176000000000002,
2009-10-29 00:00:00,21.8855,
2009-10-29 03:00:00,23.799100000000003,
2009-10-29 06:00:00,25.383100000000002,
2009-10-29 09:00:00,26.9372,
2009-10-29 12:00:00,27.8153,
2009-10-29 15:00:00,26.5286,
2009-10-29 18:00:00,25.759700000000002,
2009-10-29 21:00:00,25.6396,
2009-10-30 00:00:00,25.694000000000003,
2009-10-30 03:00:00,25.151600000000002,
2009-10-30 06:00:00,24.738,
2009-10-30 09:00:00,24.4025,
2009-10-30 12:00:00,24.1252,
2009-10-30 15:00:00,24.0192,
2009-10-30 18:00:00,23.8759,
2009-10-30 21:00:00,23.4999,
2009-10-31 00:00:00,23.243100000000002,
2009-10-31 03:00:00,23.11,
2009-10-31 06:00:00,23.0002,
2009-10-31 09:00:00,22.902900000000002,
2009-10-31 12:00:00,22.812800000000003,
2009-10-31 15:00:00,22.709400000000002,
2009-10-31 18:00:00,22.436600000000002,
2009-10-31 21:00:00,22.091800000000003,
2009-11-01 00:00:00,21.943,
2009-11-01 03:00:00,21.8942,
2009-11-01 06:00:00,21.8316,
2009-11-01 09:00:00,21.7679,
2009-11-01 12:00:00,21.705000000000002,
2009-11-01 15:00:00,21.6297,
2009-11-01 18:00:00,21.4113,
2009-11-01 21:00:00,21.136000000000003,
2009-11-02 00:00:00,21.0392,
2009-11-02 03:00:00,21.0336,
2009-11-02 06:00:00,21.0407,
2009-11-02 09:00:00,21.0394,
2009-11-02 12:00:00,21.0276,
2009-11-02 15:00:00,20.9906,
2009-11-02 18:00:00,20.805,
2009-11-02 21:00:00,20.570600000000002,
2009-11-03 00:00:00,20.4602,
2009-11-03 03:00:00,20.429000000000002,
2009-11-03 06:00:00,20.412000000000003,
2009-11-03 09:00:00,20.4043,
2009-11-03 12:00:00,20.406200000000002,
2009-11-03 15:00:00,20.3836,
2009-11-03 18:00:00,20.217100000000002,
2009-11-03 21:00:00,19.9955,
2009-11-04 00:00:00,19.9347,
2009-11-04 03:00:00,19.9571,
2009-11-04 06:00:00,19.991400000000002,
2009-11-04 09:00:00,20.0268,
2009-11-04 12:00:00,20.012700000000002,
2009-11-04 15:00:00,19.9581,
2009-11-04 18:00:00,19.7708,
2009-11-04 21:00:00,19.5428,
2009-11-05 00:00:00,19.4668,
2009-11-05 03:00:00,19.4652,
2009-11-05 06:00:00,19.457900000000002,
2009-11-05 09:00:00,19.443,
2009-11-05 12:00:00,19.4233,
2009-11-05 15:00:00,19.3951,
2009-11-05 18:00:00,19.235,
2009-11-05 21:00:00,18.982200000000002,
2009-11-06 00:00:00,18.8718,
2009-11-06 03:00:00,18.8342,
2009-11-06 06:00:00,18.7869,
2009-11-06 09:00:00,18.7488,
2009-11-06 12:00:00,18.729100000000003,
2009-11-06 15:00:00,18.6961,
2009-11-06 18:00:00,18.543200000000002,
2009-11-06 21:00:00,18.3416,
2009-11-07 00:00:00,18.256,
2009-11-07 03:00:00,18.244,
2009-11-07 06:00:00,18.224700000000002,
2009-11-07 09:00:00,18.2114,
2009-11-07 12:00:00,18.2133,
2009-11-07 15:00:00,18.2083,
2009-11-07 18:00:00,18.073900000000002,
2009-11-07 21:00:00,17.8875,
2009-11-08 00:00:00,17.828300000000002,
2009-11-08 03:00:00,17.8275,
2009-11-08 06:00:00,17.8026,
2009-11-08 09:00:00,17.7646,
2009-11-08 12:00:00,17.735300000000002,
2009-11-08 15:00:00,17.6991,
2009-11-08 18:00:00,17.5567,
2009-11-08 21:00:00,17.3919,
2009-11-09 00:00:00,17.351100000000002,
2009-11-09 03:00:00,17.3519,
2009-11-09 06:00:00,17.3534,
2009-11-09 09:00:00,17.3537,
2009-11-09 12:00:00,17.3477,
2009-11-09 15:00:00,17.3323,
2009-11-09 18:00:00,17.2866,
2009-11-09 21:00:00,17.3188,
2009-11-10 00:00:00,17.3867,
2009-11-10 03:00:00,17.5945,
2009-11-10 06:00:00,17.8186,
2009-11-10 09:00:00,17.8514,
2009-11-10 12:00:00,17.872400000000003,
2009-11-10 15:00:00,17.8698,
2009-11-10 18:00:00,17.8392,
2009-11-10 21:00:00,17.7914,
2009-11-11 00:00:00,17.7677,
2009-11-11 03:00:00,17.7653,
2009-11-11 06:00:00,17.7669,
2009-11-11 09:00:00,17.7752,
2009-11-11 12:00:00,17.7844,
2009-11-11 15:00:00,17.8174,
2009-11-11 18:00:00,17.808400000000002,
2009-11-11 21:00:00,17.7746,
2009-11-12 00:00:00,17.7616,
2009-11-12 03:00:00,17.762800000000002,
2009-11-12 06:00:00,17.7693,
2009-11-12 09:00:00,17.8165,
2009-11-12 12:00:00,17.816000000000003,
2009-11-12 15:00:00,17.7753,
2009-11-12 18:00:00,17.6369,
2009-11-12 21:00:00,17.4357,
2009-11-13 00:00:00,17.3294,
2009-11-13 03:00:00,17.2758,
2009-11-13 06:00:00,17.2197,
2009-11-13 09:00:00,17.1733,
2009-11-13 12:00:00,17.1368,
2009-11-13 15:00:00,17.0999,
2009-11-13 18:00:00,17.0079,
2009-11-13 21:00:00,16.8991,
2009-11-14 00:00:00,16.8591,
2009-11-14 03:00:00,16.849,
2009-11-14 06:00:00,16.8441,
2009-11-14 09:00:00,16.8429,
2009-11-14 12:00:00,16.8409,
2009-11-14 15:00:00,16.832800000000002,
2009-11-14 18:00:00,16.7928,
2009-11-14 21:00:00,16.724800000000002,
2009-11-15 00:00:00,16.6968,
2009-11-15 03:00:00,16.6968,
2009-11-15 06:00:00,16.6999,
2009-11-15 09:00:00,21.050700000000003,
2009-11-15 12:00:00,25.403100000000002,
2009-11-15 15:00:00,25.256500000000003,
2009-11-15 18:00:00,25.1077,
2009-11-15 21:00:00,24.818900000000003,
2009-11-16 00:00:00,24.7173,
2009-11-16 03:00:00,24.3413,
2009-11-16 06:00:00,24.0764,
2009-11-16 09:00:00,23.64,
2009-11-16 12:00:00,23.3028,
2009-11-16 15:00:00,23.1538,
2009-11-16 18:00:00,23.232200000000002,
2009-11-16 21:00:00,23.1098,
2009-11-17 00:00:00,23.0258,
2009-11-17 03:00:00,22.773,
2009-11-17 06:00:00,22.5497,
2009-11-17 09:00:00,22.3492,
2009-11-17 12:00:00,22.191200000000002,
2009-11-17 15:00:00,22.0927,
2009-11-17 18:00:00,21.827,
2009-11-17 21:00:00,21.4782,
2009-11-18 00:00:00,21.305400000000002,
2009-11-18 03:00:00,21.2222,
2009-11-18 06:00:00,21.1709,
2009-11-18 09:00:00,21.1785,
2009-11-18 12:00:00,21.227700000000002,
2009-11-18 15:00:00,21.2891,
2009-11-18 18:00:00,21.1939,
2009-11-18 21:00:00,20.9187,
2009-11-19 00:00:00,20.7955,
2009-11-19 03:00:00,20.7347,
2009-11-19 06:00:00,20.666600000000003,
2009-11-19 09:00:00,20.6062,
2009-11-19 12:00:00,20.5562,
2009-11-19 15:00:00,20.5216,
2009-11-19 18:00:00,20.3743,
2009-11-19 21:00:00,20.1654,
2009-11-20 00:00:00,20.078200000000002,
2009-11-20 03:00:00,20.047,
2009-11-20 06:00:00,20.0181,
2009-11-20 09:00:00,19.992900000000002,
2009-11-20 12:00:00,19.9709,
2009-11-20 15:00:00,19.9419,
2009-11-20 18:00:00,19.8227,
2009-11-20 21:00:00,19.6571,
2009-11-21 00:00:00,19.602600000000002,
2009-11-21 03:00:00,19.593500000000002,
2009-11-21 06:00:00,19.5971,
2009-11-21 09:00:00,19.6319,
2009-11-21 12:00:00,19.6883,
2009-11-21 15:00:00,19.715400000000002,
2009-11-21 18:00:00,19.649800000000003,
2009-11-21 21:00:00,19.4802,
2009-11-22 00:00:00,19.4094,
2009-11-22 03:00:00,19.3885,
2009-11-22 06:00:00,19.3737,
2009-11-22 09:00:00,19.3653,
2009-11-22 12:00:00,19.366400000000002,
2009-11-22 15:00:00,19.349500000000003,
2009-11-22 18:00:00,19.2799,
2009-11-22 21:00:00,19.1884,
2009-11-23 00:00:00,19.1494,
2009-11-23 03:00:00,19.1518,
2009-11-23 06:00:00,19.160500000000003,
2009-11-23 09:00:00,19.1737,
2009-11-23 12:00:00,19.1828,
2009-11-23 15:00:00,19.1794,
2009-11-23 18:00:00,19.0913,
2009-11-23 21:00:00,18.9881,
2009-11-24 00:00:00,18.933600000000002,
2009-11-24 03:00:00,18.9208,
2009-11-24 06:00:00,18.919900000000002,
2009-11-24 09:00:00,19.0427,
2009-11-24 12:00:00,19.167,
2009-11-24 15:00:00,19.1412,
2009-11-24 18:00:00,19.0491,
2009-11-24 21:00:00,18.9082,
2009-11-25 00:00:00,18.8474,
2009-11-25 03:00:00,18.8274,
2009-11-25 06:00:00,18.8096,
2009-11-25 09:00:00,18.7835,
2009-11-25 12:00:00,18.758100000000002,
2009-11-25 15:00:00,18.7371,
2009-11-25 18:00:00,18.6386,
2009-11-25 21:00:00,18.4753,
2009-11-26 00:00:00,18.4193,
2009-11-26 03:00:00,18.4089,
2009-11-26 06:00:00,18.401500000000002,
2009-11-26 09:00:00,18.4098,
2009-11-26 12:00:00,18.455000000000002,
2009-11-26 15:00:00,18.5212,
2009-11-26 18:00:00,18.4859,
2009-11-26 21:00:00,18.3627,
2009-11-27 00:00:00,18.317800000000002,
2009-11-27 03:00:00,18.3018,
2009-11-27 06:00:00,18.285700000000002,
2009-11-27 09:00:00,18.2717,
2009-11-27 12:00:00,18.2648,
2009-11-27 15:00:00,18.2558,
2009-11-27 18:00:00,18.165300000000002,
2009-11-27 21:00:00,18.0237,
2009-11-28 00:00:00,17.9709,
2009-11-28 03:00:00,17.953300000000002,
2009-11-28 06:00:00,17.9276,
2009-11-28 09:00:00,17.9055,
2009-11-28 12:00:00,17.8932,
2009-11-28 15:00:00,17.8859,
2009-11-28 18:00:00,17.7954,
2009-11-28 21:00:00,17.6641,
2009-11-29 00:00:00,17.6312,
2009-11-29 03:00:00,17.6158,
2009-11-29 06:00:00,17.582,
2009-11-29 09:00:00,17.5559,
2009-11-29 12:00:00,17.537100000000002,
2009-11-29 15:00:00,17.528200000000002,
2009-11-29 18:00:00,17.479300000000002,
2009-11-29 21:00:00,17.3992,
2009-11-30 00:00:00,17.3672,
2009-11-30 03:00:00,17.364,
2009-11-30 06:00:00,17.3638,
2009-11-30 09:00:00,17.3595,
2009-11-30 12:00:00,17.3591,
2009-11-30 15:00:00,17.374100000000002,
2009-11-30 18:00:00,17.308500000000002,
2009-11-30 21:00:00,17.195600000000002,
2009-12-01 00:00:00,17.1617,
2009-12-01 03:00:00,17.148,
2009-12-01 06:00:00,17.1261,
2009-12-01 09:00:00,17.1049,
2009-12-01 12:00:00,17.078,
2009-12-01 15:00:00,17.041,
2009-12-01 18:00:00,16.9353,
2009-12-01 21:00:00,16.805600000000002,
2009-12-02 00:00:00,16.764,
2009-12-02 03:00:00,16.7624,
2009-12-02 06:00:00,16.744600000000002,
2009-12-02 09:00:00,16.7106,
2009-12-02 12:00:00,16.678900000000002,
2009-12-02 15:00:00,16.6508,
2009-12-02 18:00:00,16.5883,
2009-12-02 21:00:00,16.503500000000003,
2009-12-03 00:00:00,16.4658,
2009-12-03 03:00:00,16.4557,
2009-12-03 06:00:00,16.4895,
2009-12-03 09:00:00,16.5514,
2009-12-03 12:00:00,16.631700000000002,
2009-12-03 15:00:00,16.7203,
2009-12-03 18:00:00,16.7746,
2009-12-03 21:00:00,16.7545,
2009-12-04 00:00:00,16.736900000000002,
2009-12-04 03:00:00,16.762,
2009-12-04 06:00:00,16.823,
2009-12-04 09:00:00,16.9145,
2009-12-04 12:00:00,17.023600000000002,
2009-12-04 15:00:00,17.141000000000002,
2009-12-04 18:00:00,17.224,
2009-12-04 21:00:00,17.232300000000002,
2009-12-05 00:00:00,17.230800000000002,
2009-12-05 03:00:00,17.253,
2009-12-05 06:00:00,17.299400000000002,
2009-12-05 09:00:00,17.3744,
2009-12-05 12:00:00,17.4658,
2009-12-05 15:00:00,17.563200000000002,
2009-12-05 18:00:00,17.6112,
2009-12-05 21:00:00,17.5487,
2009-12-06 00:00:00,17.5102,
2009-12-06 03:00:00,17.4925,
2009-12-06 06:00:00,17.474700000000002,
2009-12-06 09:00:00,17.4662,
2009-12-06 12:00:00,17.4735,
2009-12-06 15:00:00,17.488500000000002,
2009-12-06 18:00:00,17.494,
2009-12-06 21:00:00,17.4875,
2009-12-07 00:00:00,17.4858,
2009-12-07 03:00:00,17.5057,
2009-12-07 06:00:00,17.5511,
2009-12-07 09:00:00,17.6168,
2009-12-07 12:00:00,17.7024,
2009-12-07 15:00:00,17.7989,
2009-12-07 18:00:00,17.877100000000002,
2009-12-07 21:00:00,17.9233,
2009-12-08 00:00:00,17.9696,
2009-12-08 03:00:00,18.0399,
2009-12-08 06:00:00,18.1237,
2009-12-08 09:00:00,18.2135,
2009-12-08 12:00:00,18.3066,
2009-12-08 15:00:00,18.400000000000002,
2009-12-08 18:00:00,18.4871,
2009-12-08 21:00:00,18.566200000000002,
2009-12-09 00:00:00,18.6421,
2009-12-09 03:00:00,18.722,
2009-12-09 06:00:00,18.8042,
2009-12-09 09:00:00,18.890800000000002,
2009-12-09 12:00:00,18.9813,
2009-12-09 15:00:00,19.075400000000002,
2009-12-09 18:00:00,19.1649,
2009-12-09 21:00:00,19.244,
2009-12-10 00:00:00,19.320800000000002,
2009-12-10 03:00:00,19.4023,
2009-12-10 06:00:00,19.483800000000002,
2009-12-10 09:00:00,19.561700000000002,
2009-12-10 12:00:00,19.636300000000002,
2009-12-10 15:00:00,19.7081,
2009-12-10 18:00:00,19.768,
2009-12-10 21:00:00,19.8152,
2009-12-11 00:00:00,19.8502,
2009-12-11 03:00:00,19.8962,
2009-12-11 06:00:00,19.9462,
2009-12-11 09:00:00,19.9969,
2009-12-11 12:00:00,20.05,
2009-12-11 15:00:00,20.1051,
2009-12-11 18:00:00,20.153100000000002,
2009-12-11 21:00:00,20.4322,
2009-12-12 00:00:00,20.4498,
2009-12-12 03:00:00,20.465,
2009-12-12 06:00:00,20.4888,
2009-12-12 09:00:00,20.5139,
2009-12-12 12:00:00,20.5413,
2009-12-12 15:00:00,20.5683,
2009-12-12 18:00:00,20.858600000000003,
2009-12-12 21:00:00,21.309800000000003,
2009-12-13 00:00:00,21.301000000000002,
2009-12-13 03:00:00,21.2394,
2009-12-13 06:00:00,21.2144,
2009-12-13 09:00:00,21.2059,
2009-12-13 12:00:00,21.209400000000002,
2009-12-13 15:00:00,21.2196,
2009-12-13 18:00:00,21.3867,
2009-12-13 21:00:00,21.4986,
2009-12-14 00:00:00,21.4097,
2009-12-14 03:00:00,21.2696,
2009-12-14 06:00:00,21.1039,
2009-12-14 09:00:00,20.9587,
2009-12-14 12:00:00,20.8295,
2009-12-14 15:00:00,20.7845,
2009-12-14 18:00:00,20.7645,
2009-12-14 21:00:00,20.7268,
2009-12-15 00:00:00,20.71,
2009-12-15 03:00:00,20.7435,
2009-12-15 06:00:00,20.8002,
2009-12-15 09:00:00,20.8717,
2009-12-15 12:00:00,20.9505,
2009-12-15 15:00:00,21.0319,
2009-12-15 18:00:00,21.081400000000002,
2009-12-15 21:00:00,21.0702,
2009-12-16 00:00:00,21.039,
2009-12-16 03:00:00,21.030900000000003,
2009-12-16 06:00:00,21.038,
2009-12-16 09:00:00,21.049500000000002,
2009-12-16 12:00:00,21.0618,
2009-12-16 15:00:00,21.0648,
2009-12-16 18:00:00,20.9967,
2009-12-16 21:00:00,20.7838,
2009-12-17 00:00:00,20.5833,
2009-12-17 03:00:00,20.4155,
2009-12-17 06:00:00,20.2576,
2009-12-17 09:00:00,20.1203,
2009-12-17 12:00:00,20.0254,
2009-12-17 15:00:00,19.953200000000002,
2009-12-17 18:00:00,19.8104,
2009-12-17 21:00:00,19.6124,
2009-12-18 00:00:00,19.4962,
2009-12-18 03:00:00,19.4149,
2009-12-18 06:00:00,19.3644,
2009-12-18 09:00:00,19.3213,
2009-12-18 12:00:00,19.2893,
2009-12-18 15:00:00,19.2435,
2009-12-18 18:00:00,19.1141,
2009-12-18 21:00:00,18.959300000000002,
2009-12-19 00:00:00,18.8767,
2009-12-19 03:00:00,18.8183,
2009-12-19 06:00:00,18.7588,
2009-12-19 09:00:00,18.6963,
2009-12-19 12:00:00,18.6305,
2009-12-19 15:00:00,18.5686,
2009-12-19 18:00:00,18.4812,
2009-12-19 21:00:00,18.361,
2009-12-20 00:00:00,18.302500000000002,
2009-12-20 03:00:00,18.2608,
2009-12-20 06:00:00,18.212600000000002,
2009-12-20 09:00:00,18.1726,
2009-12-20 12:00:00,18.1549,
2009-12-20 15:00:00,18.161,
2009-12-20 18:00:00,18.076900000000002,
2009-12-20 21:00:00,17.948800000000002,
2009-12-21 00:00:00,17.900000000000002,
2009-12-21 03:00:00,17.8872,
2009-12-21 06:00:00,17.8806,
2009-12-21 09:00:00,17.9039,
2009-12-21 12:00:00,17.883100000000002,
2009-12-21 15:00:00,17.8381,
2009-12-21 18:00:00,17.7452,
2009-12-21 21:00:00,17.614800000000002,
2009-12-22 00:00:00,17.5564,
2009-12-22 03:00:00,17.5379,
2009-12-22 06:00:00,17.5263,
2009-12-22 09:00:00,17.5072,
2009-12-22 12:00:00,17.4872,
2009-12-22 15:00:00,17.467000000000002,
2009-12-22 18:00:00,17.424500000000002,
2009-12-22 21:00:00,17.3645,
2009-12-23 00:00:00,17.330000000000002,
2009-12-23 03:00:00,17.3092,
2009-12-23 06:00:00,17.2922,
2009-12-23 09:00:00,17.666600000000003,
2009-12-23 12:00:00,17.7729,
2009-12-23 15:00:00,17.7486,
2009-12-23 18:00:00,17.8205,
2009-12-23 21:00:00,17.9524,
2009-12-24 00:00:00,17.942,
2009-12-24 03:00:00,17.905,
2009-12-24 06:00:00,17.8586,
2009-12-24 09:00:00,17.8259,
2009-12-24 12:00:00,17.8138,
2009-12-24 15:00:00,17.8296,
2009-12-24 18:00:00,17.8552,
2009-12-24 21:00:00,17.8825,
2009-12-25 00:00:00,17.9191,
2009-12-25 03:00:00,17.9694,
2009-12-25 06:00:00,18.0302,
2009-12-25 09:00:00,18.1014,
2009-12-25 12:00:00,18.1799,
2009-12-25 15:00:00,18.262800000000002,
2009-12-25 18:00:00,18.3276,
2009-12-25 21:00:00,18.3651,
2009-12-26 00:00:00,18.4048,
2009-12-26 03:00:00,18.4629,
2009-12-26 06:00:00,18.529700000000002,
2009-12-26 09:00:00,18.5984,
2009-12-26 12:00:00,18.6646,
2009-12-26 15:00:00,18.7283,
2009-12-26 18:00:00,18.7707,
2009-12-26 21:00:00,18.781100000000002,
2009-12-27 00:00:00,18.7892,
2009-12-27 03:00:00,18.814500000000002,
2009-12-27 06:00:00,18.853,
2009-12-27 09:00:00,18.9006,
2009-12-27 12:00:00,18.9521,
2009-12-27 15:00:00,18.999000000000002,
2009-12-27 18:00:00,19.0108,
2009-12-27 21:00:00,18.970000000000002,
2009-12-28 00:00:00,18.9232,
2009-12-28 03:00:00,18.8914,
2009-12-28 06:00:00,18.8824,
2009-12-28 09:00:00,18.8994,
2009-12-28 12:00:00,18.934,
2009-12-28 15:00:00,18.9759,
2009-12-28 18:00:00,18.9704,
2009-12-28 21:00:00,18.844900000000003,
2009-12-29 00:00:00,18.7372,
2009-12-29 03:00:00,18.6702,
2009-12-29 06:00:00,18.6618,
2009-12-29 09:00:00,18.694000000000003,
2009-12-29 12:00:00,18.736,
2009-12-29 15:00:00,18.782700000000002,
2009-12-29 18:00:00,18.793100000000003,
2009-12-29 21:00:00,18.7371,
2009-12-30 00:00:00,18.668300000000002,
2009-12-30 03:00:00,18.616400000000002,
2009-12-30 06:00:00,18.576900000000002,
2009-12-30 09:00:00,18.5482,
2009-12-30 12:00:00,18.5276,
2009-12-30 15:00:00,18.5155,
2009-12-30 18:00:00,18.485,
2009-12-30 21:00:00,18.3828,
2009-12-31 00:00:00,18.3157,
2009-12-31 03:00:00,18.259,
2009-12-31 06:00:00,18.2437,
2009-12-31 09:00:00,18.2556,
2009-12-31 12:00:00,18.291,
2009-12-31 15:00:00,18.337,
2009-12-31 18:00:00,18.3614,
2009-12-31 21:00:00,18.2911,